timestamp,speed,cadence,heart_rate,temperature,distance,altitude,power
2021-03-12 06:46:40,4.658,,,,0.0,,
2021-03-12 06:46:41,4.689,0.0,,,2.33,,0.0
2021-03-12 06:46:42,4.784,5.0,,,4.86,,0.0
2021-03-12 06:46:43,5.636,19.0,,17.0,10.19,,13.0
2021-03-12 06:46:44,5.691,34.0,,17.0,16.12,,27.0
2021-03-12 06:46:45,5.523,24.0,,17.0,23.67,,19.0
2021-03-12 06:46:46,5.22,15.0,,17.0,32.97,,12.0
2021-03-12 06:46:47,5.191,6.0,,17.0,39.58,,5.0
2021-03-12 06:46:48,4.837,0.0,,17.0,44.51,,0.0
2021-03-12 06:46:49,4.149,0.0,,17.0,48.27,,0.0
2021-03-12 06:46:50,3.047,0.0,,17.0,52.15,,0.0
2021-03-12 06:46:51,2.348,0.0,,17.0,54.83,,0.0
2021-03-12 06:46:52,1.945,0.0,,17.0,56.86,,0.0
2021-03-12 06:46:53,1.446,0.0,,17.0,58.7,,0.0
2021-03-12 06:46:54,1.279,0.0,,17.0,60.44,,0.0
2021-03-12 06:46:55,1.239,0.0,,17.0,62.04,,0.0
2021-03-12 06:46:56,1.329,0.0,,17.0,63.92,,0.0
2021-03-12 06:46:57,1.287,0.0,,17.0,65.46,,0.0
2021-03-12 06:46:58,1.479,0.0,,17.0,66.99,,0.0
2021-03-12 06:46:59,1.619,0.0,,17.0,68.78,,0.0
2021-03-12 06:47:00,1.959,0.0,,17.0,71.2,,0.0
2021-03-12 06:47:01,2.761,14.0,,17.0,74.32,,60.0
2021-03-12 06:47:02,3.1,27.0,,17.0,78.0,,98.0
2021-03-12 06:47:03,3.668,29.0,,17.0,81.76,,92.0
2021-03-12 06:47:04,3.935,22.0,,17.0,85.77,,68.0
2021-03-12 06:47:05,3.763,14.0,,17.0,89.48,,45.0
2021-03-12 06:47:06,3.582,7.0,,17.0,92.95,,21.0
2021-03-12 06:47:07,3.198,0.0,,17.0,96.06,,0.0
2021-03-12 06:47:08,2.698,0.0,,17.0,98.58,,0.0
2021-03-12 06:47:09,2.347,0.0,,17.0,100.74,,0.0
2021-03-12 06:47:10,2.243,0.0,,17.0,102.98,,0.0
2021-03-12 06:47:11,2.08,0.0,,17.0,105.04,,0.0
2021-03-12 06:47:12,1.913,0.0,,17.0,106.91,,0.0
2021-03-12 06:47:13,1.862,0.0,,17.0,108.74,,0.0
2021-03-12 06:47:14,1.88,0.0,,17.0,110.58,,0.0
2021-03-12 06:47:15,2.128,0.0,,17.0,112.85,,0.0
2021-03-12 06:47:16,2.076,0.0,,17.0,114.91,,0.0
2021-03-12 06:47:17,2.015,0.0,,17.0,116.9,,0.0
2021-03-12 06:47:18,1.766,0.0,,17.0,118.58,,0.0
2021-03-12 06:47:19,1.803,0.0,,17.0,120.37,,0.0
2021-03-12 06:47:20,1.71,0.0,,17.0,122.1,,0.0
2021-03-12 06:47:21,1.526,0.0,,17.0,123.55,,0.0
2021-03-12 06:47:22,1.287,0.0,,17.0,124.77,,0.0
2021-03-12 06:47:23,1.109,0.0,,17.0,125.88,,0.0
2021-03-12 06:47:24,0.0,0.0,,17.0,125.88,,0.0
2021-03-12 06:47:25,0.0,0.0,,17.0,125.88,,0.0
2021-03-12 06:47:26,0.0,0.0,,17.0,125.88,,0.0
2021-03-12 06:47:27,0.0,0.0,,17.0,125.88,,0.0
2021-03-12 06:47:28,0.0,0.0,,17.0,125.88,,0.0
2021-03-12 06:47:29,0.0,0.0,,17.0,125.88,,0.0
2021-03-12 06:47:30,0.0,0.0,,17.0,125.88,,0.0
2021-03-12 06:47:31,0.0,0.0,,17.0,125.88,,0.0
2021-03-12 06:47:32,0.0,0.0,,17.0,125.88,,0.0
2021-03-12 06:47:33,0.0,0.0,,17.0,125.88,,0.0
2021-03-12 06:47:44,1.899,5.0,,17.0,126.84,781.4000000000001,31.0
2021-03-12 06:47:45,3.434,31.0,,17.0,133.4,781.4000000000001,169.0
2021-03-12 06:47:46,4.147,37.0,,17.0,139.65,781.4000000000001,131.0
2021-03-12 06:47:47,4.383,41.0,,17.0,145.59,781.4000000000001,95.0
2021-03-12 06:47:48,4.503,41.0,,17.0,151.04,781.4000000000001,67.0
2021-03-12 06:47:49,4.422,34.0,,17.0,156.72,781.4000000000001,49.0
2021-03-12 06:47:50,4.069,27.0,,17.0,160.25,781.5999999999999,31.0
2021-03-12 06:47:51,3.521,21.0,,17.0,163.58,781.5999999999999,12.0
2021-03-12 06:47:52,3.608,28.0,,17.0,167.23,781.8,65.0
2021-03-12 06:47:53,4.295,40.0,,17.0,171.75,782.0,118.0
2021-03-12 06:47:54,6.149,51.0,,17.0,178.52,782.0,129.0
2021-03-12 06:47:55,5.912,54.0,,17.0,184.36,782.2,104.0
2021-03-12 06:47:56,5.946,55.0,,17.0,190.3,782.4000000000001,71.0
2021-03-12 06:47:57,5.819,56.0,,17.0,199.06,782.5999999999999,50.0
2021-03-12 06:47:58,4.913,57.0,,17.0,221.86,782.8,54.0
2021-03-12 06:47:59,4.591,57.0,,17.0,224.88,783.0,69.0
2021-03-12 06:48:00,4.837,58.0,,17.0,230.36,783.2,66.0
2021-03-12 06:48:01,5.159,59.0,,17.0,237.83,783.4000000000001,116.0
2021-03-12 06:48:02,5.795,60.0,,17.0,248.52,783.5999999999999,159.0
2021-03-12 06:48:03,5.942,61.0,,17.0,275.29,783.8,167.0
2021-03-12 06:48:04,6.056,48.0,,17.0,294.61,783.8,109.0
2021-03-12 06:48:05,6.072,46.0,,17.0,310.73,784.0,120.0
2021-03-12 06:48:06,6.169,57.0,,17.0,322.68,784.2,196.0
2021-03-12 06:48:07,6.547,66.0,,17.0,333.21,784.2,216.0
2021-03-12 06:48:08,6.928,68.0,,17.0,340.84,784.4000000000001,210.0
2021-03-12 06:48:09,6.893,70.0,,17.0,345.79,784.4000000000001,200.0
2021-03-12 06:48:10,7.152,71.0,,17.0,350.6,784.5999999999999,187.0
2021-03-12 06:48:11,7.348,73.0,,17.0,354.93,784.8,112.0
2021-03-12 06:48:12,7.15,74.0,,17.0,359.2,785.0,112.0
2021-03-12 06:48:13,7.131,74.0,,17.0,364.18,785.2,108.0
2021-03-12 06:48:14,6.947,75.0,,17.0,369.1,785.4000000000001,118.0
2021-03-12 06:48:15,7.136,60.0,,17.0,374.44,785.5999999999999,84.0
2021-03-12 06:48:16,6.977,45.0,,17.0,380.53,785.8,50.0
2021-03-12 06:48:17,6.639,30.0,,17.0,387.41,786.0,16.0
2021-03-12 06:48:18,7.031,51.0,,17.0,394.58,786.2,109.0
2021-03-12 06:48:19,7.629,74.0,,17.0,402.42,786.2,127.0
2021-03-12 06:48:20,7.46,75.0,,17.0,409.82,786.4000000000001,120.0
2021-03-12 06:48:21,7.629,75.0,,17.0,417.53,786.4000000000001,108.0
2021-03-12 06:48:22,8.141,75.0,,17.0,425.82,786.5999999999999,147.0
2021-03-12 06:48:23,8.066,72.0,,17.0,433.86,786.5999999999999,112.0
2021-03-12 06:48:24,8.167,62.0,,17.0,442.52,786.8,110.0
2021-03-12 06:48:25,7.471,50.0,,17.0,453.56,786.8,78.0
2021-03-12 06:48:26,7.475,37.0,,17.0,468.59,786.8,45.0
2021-03-12 06:48:27,7.464,24.0,,17.0,486.11,787.0,13.0
2021-03-12 06:48:28,7.331,17.0,,17.0,494.55,787.0,9.0
2021-03-12 06:48:29,7.229,10.0,,17.0,501.88,787.0,5.0
2021-03-12 06:48:30,7.287,4.0,,17.0,509.66,787.0,0.0
2021-03-12 06:48:31,6.368,0.0,,17.0,516.05,786.8,0.0
2021-03-12 06:48:32,5.833,7.0,,17.0,523.0,786.8,3.0
2021-03-12 06:48:33,5.547,31.0,,17.0,531.67,786.5999999999999,198.0
2021-03-12 06:48:34,5.765,43.0,,17.0,538.52,786.5999999999999,269.0
2021-03-12 06:48:35,6.944,52.0,,17.0,545.39,786.5999999999999,283.0
2021-03-12 06:48:36,7.013,58.0,,17.0,552.4,786.5999999999999,274.0
2021-03-12 06:48:37,7.453,61.0,,17.0,560.0,786.5999999999999,230.0
2021-03-12 06:48:38,6.858,68.0,,17.0,566.67,786.5999999999999,237.0
2021-03-12 06:48:39,6.562,74.0,,17.0,573.09,786.5999999999999,148.0
2021-03-12 06:48:40,6.791,72.0,,17.0,579.97,786.5999999999999,170.0
2021-03-12 06:48:41,6.782,68.0,,17.0,586.79,786.5999999999999,218.0
2021-03-12 06:48:42,6.363,66.0,,17.0,593.06,786.5999999999999,203.0
2021-03-12 06:48:43,6.072,66.0,,17.0,599.04,786.5999999999999,191.0
2021-03-12 06:48:44,6.321,66.0,,17.0,605.37,786.8,170.0
2021-03-12 06:48:45,6.768,66.0,,17.0,612.29,786.8,145.0
2021-03-12 06:48:46,7.57,66.0,,17.0,620.11,787.0,142.0
2021-03-12 06:48:47,7.723,65.0,,17.0,627.78,787.0,164.0
2021-03-12 06:48:48,7.69,65.0,,17.0,635.51,787.0,123.0
2021-03-12 06:48:49,7.563,65.0,,17.0,643.17,787.2,133.0
2021-03-12 06:48:50,7.019,64.0,,17.0,650.39,787.2,156.0
2021-03-12 06:48:51,7.245,65.0,,17.0,657.52,787.2,154.0
2021-03-12 06:48:52,7.324,65.0,,17.0,664.48,787.4000000000001,173.0
2021-03-12 06:48:53,7.329,66.0,,17.0,672.17,787.4000000000001,148.0
2021-03-12 06:48:54,7.3,72.0,,17.0,680.05,787.4000000000001,123.0
2021-03-12 06:48:55,7.178,75.0,,17.0,687.28,787.4000000000001,117.0
2021-03-12 06:48:56,7.285,75.0,,17.0,695.21,787.4000000000001,86.0
2021-03-12 06:48:57,7.439,75.0,,17.0,702.99,787.4000000000001,93.0
2021-03-12 06:48:58,7.258,75.0,,17.0,711.41,787.4000000000001,103.0
2021-03-12 06:48:59,7.379,75.0,,17.0,718.64,787.4000000000001,84.0
2021-03-12 06:49:00,7.244,74.0,,17.0,726.04,787.4000000000001,107.0
2021-03-12 06:49:01,7.331,74.0,,17.0,733.0,787.4000000000001,113.0
2021-03-12 06:49:02,7.075,73.0,,17.0,739.81,787.4000000000001,112.0
2021-03-12 06:49:03,7.17,73.0,,17.0,746.92,787.2,118.0
2021-03-12 06:49:04,7.171,72.0,,17.0,753.93,787.2,109.0
2021-03-12 06:49:05,7.209,60.0,,17.0,761.74,787.2,63.0
2021-03-12 06:49:06,6.975,49.0,,17.0,768.76,787.0,37.0
2021-03-12 06:49:07,6.896,42.0,,17.0,775.51,787.0,63.0
2021-03-12 06:49:08,6.911,71.0,,17.0,782.73,787.0,103.0
2021-03-12 06:49:09,6.815,71.0,,17.0,789.86,787.0,90.0
2021-03-12 06:49:10,6.869,71.0,,17.0,797.49,786.8,69.0
2021-03-12 06:49:11,7.051,71.0,,17.0,804.83,786.8,71.0
2021-03-12 06:49:12,7.158,71.0,,17.0,812.21,786.8,81.0
2021-03-12 06:49:13,7.032,71.0,,17.0,821.46,786.5999999999999,117.0
2021-03-12 06:49:14,7.017,71.0,,17.0,828.33,786.5999999999999,144.0
2021-03-12 06:49:15,6.992,72.0,,17.0,835.18,786.5999999999999,110.0
2021-03-12 06:49:16,6.861,73.0,,17.0,842.24,786.4000000000001,85.0
2021-03-12 06:49:17,7.135,74.0,,17.0,849.3,786.4000000000001,80.0
2021-03-12 06:49:18,7.349,74.0,,17.0,858.88,786.4000000000001,93.0
2021-03-12 06:49:19,9.033,75.0,,17.0,867.5,786.2,95.0
2021-03-12 06:49:20,9.968,75.0,,17.0,878.44,786.0,100.0
2021-03-12 06:49:21,9.322,76.0,,17.0,887.57,786.0,141.0
2021-03-12 06:49:22,9.295,78.0,,17.0,896.85,785.8,149.0
2021-03-12 06:49:23,8.979,79.0,,17.0,906.81,785.5999999999999,114.0
2021-03-12 06:49:24,7.995,80.0,,17.0,920.62,785.4000000000001,86.0
2021-03-12 06:49:25,7.884,80.0,,17.0,926.4,785.2,76.0
2021-03-12 06:49:26,7.779,80.0,,17.0,934.42,785.0,91.0
2021-03-12 06:49:27,7.006,79.0,,17.0,941.73,784.8,32.0
2021-03-12 06:49:28,6.556,73.0,,17.0,947.97,784.5999999999999,53.0
2021-03-12 06:49:29,5.99,60.0,,17.0,953.76,784.4000000000001,73.0
2021-03-12 06:49:30,6.538,59.0,,17.0,960.4,784.2,84.0
2021-03-12 06:49:31,5.518,60.0,,17.0,965.65,784.0,69.0
2021-03-12 06:49:32,4.985,58.0,,17.0,970.45,783.5999999999999,67.0
2021-03-12 06:49:33,4.947,54.0,,17.0,975.35,783.4000000000001,83.0
2021-03-12 06:49:34,5.456,50.0,,17.0,980.97,783.2,105.0
2021-03-12 06:49:35,5.916,52.0,,17.0,987.03,783.2,168.0
2021-03-12 06:49:36,5.676,56.0,,17.0,992.64,783.0,123.0
2021-03-12 06:49:37,5.865,59.0,,17.0,998.57,783.0,131.0
2021-03-12 06:49:38,6.119,62.0,,17.0,1004.79,782.8,125.0
2021-03-12 06:49:39,6.075,63.0,,17.0,1010.73,782.8,102.0
2021-03-12 06:49:40,5.942,65.0,,17.0,1016.69,782.8,116.0
2021-03-12 06:49:41,6.099,66.0,,17.0,1022.83,782.8,114.0
2021-03-12 06:49:42,6.357,68.0,,17.0,1029.27,783.0,117.0
2021-03-12 06:49:43,6.892,69.0,,17.0,1036.36,783.0,85.0
2021-03-12 06:49:44,6.873,70.0,,17.0,1043.39,783.0,80.0
2021-03-12 06:49:45,6.883,71.0,,17.0,1050.0,783.2,99.0
2021-03-12 06:49:46,7.108,72.0,,17.0,1056.82,783.2,79.0
2021-03-12 06:49:47,7.271,72.0,,17.0,1063.79,783.2,73.0
2021-03-12 06:49:48,7.252,66.0,,17.0,1071.31,783.2,45.0
2021-03-12 06:49:49,7.257,57.0,,17.0,1078.82,783.2,71.0
2021-03-12 06:49:50,7.512,75.0,,17.0,1086.78,783.2,205.0
2021-03-12 06:49:51,7.679,77.0,,17.0,1094.35,783.0,194.0
2021-03-12 06:49:52,7.967,78.0,,17.0,1102.19,783.0,185.0
2021-03-12 06:49:53,7.785,79.0,,17.0,1110.42,782.8,149.0
2021-03-12 06:49:54,7.673,80.0,,17.0,1117.56,782.8,152.0
2021-03-12 06:49:55,7.866,80.0,,17.0,1124.99,782.5999999999999,158.0
2021-03-12 06:49:56,7.702,80.0,,17.0,1133.03,782.5999999999999,159.0
2021-03-12 06:49:57,8.04,81.0,,17.0,1140.8,782.5999999999999,168.0
2021-03-12 06:49:58,8.141,81.0,,17.0,1148.63,782.4000000000001,142.0
2021-03-12 06:49:59,8.032,81.0,,17.0,1156.56,782.4000000000001,151.0
2021-03-12 06:50:00,8.059,77.0,,17.0,1164.58,782.2,182.0
2021-03-12 06:50:01,8.234,73.0,,17.0,1172.19,782.2,198.0
2021-03-12 06:50:02,8.333,74.0,,17.0,1180.86,782.0,223.0
2021-03-12 06:50:03,8.435,74.0,,17.0,1189.22,781.8,206.0
2021-03-12 06:50:04,8.442,75.0,,17.0,1197.61,781.8,204.0
2021-03-12 06:50:05,8.362,75.0,,17.0,1205.67,781.5999999999999,191.0
2021-03-12 06:50:06,8.348,75.0,,17.0,1213.91,781.4000000000001,132.0
2021-03-12 06:50:07,8.159,73.0,,17.0,1221.97,781.2,137.0
2021-03-12 06:50:08,7.923,72.0,,17.0,1229.81,781.2,166.0
2021-03-12 06:50:09,7.997,69.0,,17.0,1237.7,781.2,113.0
2021-03-12 06:50:10,7.832,58.0,,17.0,1245.76,781.4000000000001,78.0
2021-03-12 06:50:11,7.575,70.0,,17.0,1253.59,781.4000000000001,88.0
2021-03-12 06:50:12,8.159,72.0,,17.0,1261.93,781.4000000000001,198.0
2021-03-12 06:50:13,8.483,75.0,,17.0,1270.02,781.4000000000001,260.0
2021-03-12 06:50:14,9.009,77.0,,17.0,1278.56,781.4000000000001,246.0
2021-03-12 06:50:15,9.278,81.0,,17.0,1287.8,781.2,227.0
2021-03-12 06:50:16,9.422,82.0,,17.0,1296.99,781.2,186.0
2021-03-12 06:50:17,9.014,82.0,,17.0,1306.06,781.2,123.0
2021-03-12 06:50:18,8.997,79.0,,17.0,1314.75,781.2,134.0
2021-03-12 06:50:19,8.892,76.0,,17.0,1323.48,781.2,144.0
2021-03-12 06:50:20,8.898,76.0,,17.0,1332.39,781.2,114.0
2021-03-12 06:50:21,8.906,75.0,,17.0,1341.47,781.2,111.0
2021-03-12 06:50:22,8.884,75.0,,17.0,1350.32,781.2,108.0
2021-03-12 06:50:23,8.896,75.0,,17.0,1359.61,781.2,110.0
2021-03-12 06:50:24,9.117,75.0,,17.0,1368.52,781.2,93.0
2021-03-12 06:50:25,9.105,75.0,,17.0,1377.9,781.2,82.0
2021-03-12 06:50:26,9.003,75.0,,17.0,1387.08,781.2,124.0
2021-03-12 06:50:27,9.128,75.0,,17.0,1395.94,781.2,112.0
2021-03-12 06:50:28,9.01,76.0,,17.0,1404.8,781.2,118.0
2021-03-12 06:50:29,9.188,76.0,,17.0,1413.7,781.2,189.0
2021-03-12 06:50:30,9.202,77.0,,17.0,1422.67,781.2,163.0
2021-03-12 06:50:31,9.312,77.0,,17.0,1431.76,781.4000000000001,161.0
2021-03-12 06:50:32,9.528,78.0,,17.0,1440.8,781.4000000000001,233.0
2021-03-12 06:50:33,9.533,79.0,,17.0,1450.2,781.4000000000001,250.0
2021-03-12 06:50:34,9.331,80.0,,17.0,1459.17,781.4000000000001,257.0
2021-03-12 06:50:35,9.531,81.0,,17.0,1468.31,781.4000000000001,222.0
2021-03-12 06:50:36,9.528,81.0,,17.0,1477.65,781.5999999999999,202.0
2021-03-12 06:50:37,9.865,79.0,,17.0,1487.85,781.5999999999999,224.0
2021-03-12 06:50:38,9.867,76.0,,17.0,1497.61,781.5999999999999,196.0
2021-03-12 06:50:39,10.069,76.0,,17.0,1507.29,781.8,172.0
2021-03-12 06:50:40,9.891,76.0,,17.0,1517.45,781.8,143.0
2021-03-12 06:50:41,9.74,76.0,,17.0,1527.58,782.0,150.0
2021-03-12 06:50:42,9.735,76.0,,17.0,1537.45,782.0,149.0
2021-03-12 06:50:43,9.651,76.0,,17.0,1547.28,782.2,163.0
2021-03-12 06:50:44,9.881,76.0,,17.0,1556.92,782.4000000000001,175.0
2021-03-12 06:50:45,9.868,77.0,,17.0,1566.94,782.5999999999999,163.0
2021-03-12 06:50:46,9.839,77.0,,17.0,1576.93,782.8,181.0
2021-03-12 06:50:47,9.824,77.0,,17.0,1586.68,783.0,226.0
2021-03-12 06:50:48,9.761,77.0,,17.0,1596.4,783.2,190.0
2021-03-12 06:50:49,9.755,77.0,,17.0,1606.14,783.4000000000001,193.0
2021-03-12 06:50:50,10.036,77.0,,17.0,1616.04,783.5999999999999,177.0
2021-03-12 06:50:51,9.802,77.0,,17.0,1626.03,783.8,161.0
2021-03-12 06:50:52,9.797,76.0,,17.0,1635.84,784.0,163.0
2021-03-12 06:50:53,9.818,76.0,,17.0,1645.66,784.2,170.0
2021-03-12 06:50:54,9.799,76.0,,17.0,1655.45,784.4000000000001,163.0
2021-03-12 06:50:55,9.789,75.0,,17.0,1665.25,784.5999999999999,146.0
2021-03-12 06:50:56,9.876,75.0,,17.0,1675.03,784.8,176.0
2021-03-12 06:50:57,9.566,75.0,,17.0,1684.84,785.0,204.0
2021-03-12 06:50:58,9.758,75.0,,17.0,1694.49,785.2,195.0
2021-03-12 06:50:59,9.742,75.0,,17.0,1704.24,785.2,212.0
2021-03-12 06:51:00,9.538,75.0,,17.0,1713.66,785.4000000000001,287.0
2021-03-12 06:51:01,9.289,76.0,,17.0,1722.82,785.5999999999999,269.0
2021-03-12 06:51:02,9.593,75.0,,17.0,1732.15,785.8,254.0
2021-03-12 06:51:03,9.544,76.0,,17.0,1741.91,786.0,238.0
2021-03-12 06:51:04,9.32,75.0,,17.0,1751.35,786.0,201.0
2021-03-12 06:51:05,9.605,75.0,,17.0,1760.97,786.2,227.0
2021-03-12 06:51:06,9.544,75.0,,17.0,1770.56,786.2,162.0
2021-03-12 06:51:07,9.588,74.0,,17.0,1780.02,786.2,127.0
2021-03-12 06:51:08,9.405,74.0,,17.0,1789.39,786.4000000000001,99.0
2021-03-12 06:51:09,9.36,73.0,,17.0,1798.44,786.5999999999999,109.0
2021-03-12 06:51:10,9.198,73.0,,17.0,1807.91,786.5999999999999,113.0
2021-03-12 06:51:11,9.239,72.0,,17.0,1816.97,786.5999999999999,136.0
2021-03-12 06:51:12,8.972,72.0,,17.0,1826.03,786.8,174.0
2021-03-12 06:51:13,8.902,72.0,,17.0,1834.92,786.8,204.0
2021-03-12 06:51:14,9.446,72.0,,17.0,1844.01,787.0,178.0
2021-03-12 06:51:15,9.346,72.0,,17.0,1853.46,787.2,174.0
2021-03-12 06:51:16,9.225,72.0,,17.0,1862.81,787.2,177.0
2021-03-12 06:51:17,9.206,72.0,,17.0,1871.99,787.4000000000001,165.0
2021-03-12 06:51:18,9.124,71.0,,17.0,1881.33,787.4000000000001,154.0
2021-03-12 06:51:19,9.122,71.0,,17.0,1890.45,787.4000000000001,150.0
2021-03-12 06:51:20,9.111,71.0,,17.0,1899.53,787.4000000000001,147.0
2021-03-12 06:51:21,9.103,71.0,,17.0,1908.76,787.5999999999999,135.0
2021-03-12 06:51:22,9.103,71.0,,17.0,1917.93,787.5999999999999,111.0
2021-03-12 06:51:23,9.097,70.0,,17.0,1927.06,787.5999999999999,107.0
2021-03-12 06:51:24,9.059,70.0,,17.0,1936.32,787.5999999999999,111.0
2021-03-12 06:51:25,8.9,69.0,,17.0,1945.47,787.5999999999999,124.0
2021-03-12 06:51:26,8.781,68.0,,17.0,1954.43,787.5999999999999,111.0
2021-03-12 06:51:27,8.55,67.0,,17.0,1963.5,787.8,108.0
2021-03-12 06:51:28,8.405,66.0,,17.0,1972.32,787.5999999999999,101.0
2021-03-12 06:51:29,8.244,65.0,,17.0,1980.79,787.5999999999999,100.0
2021-03-12 06:51:30,8.078,64.0,,17.0,1988.81,787.5999999999999,90.0
2021-03-12 06:51:31,7.908,52.0,,17.0,1996.69,787.5999999999999,63.0
2021-03-12 06:51:32,7.677,36.0,,17.0,2004.42,787.5999999999999,44.0
2021-03-12 06:51:33,7.429,20.0,,17.0,2011.85,787.5999999999999,25.0
2021-03-12 06:51:34,7.29,4.0,,17.0,2019.38,787.5999999999999,0.0
2021-03-12 06:51:35,7.072,16.0,,17.0,2026.53,787.5999999999999,1.0
2021-03-12 06:51:36,6.88,17.0,,17.0,2033.49,787.5999999999999,1.0
2021-03-12 06:51:37,6.616,18.0,,17.0,2040.36,787.8,2.0
2021-03-12 06:51:38,6.179,19.0,,17.0,2046.81,787.8,2.0
2021-03-12 06:51:39,6.205,37.0,,17.0,2053.14,788.0,36.0
2021-03-12 06:51:40,6.249,50.0,,17.0,2059.55,788.2,32.0
2021-03-12 06:51:41,5.942,43.0,,17.0,2065.86,788.2,25.0
2021-03-12 06:51:42,5.895,30.0,,17.0,2071.8,788.4000000000001,17.0
2021-03-12 06:51:43,5.796,16.0,,17.0,2077.67,788.5999999999999,9.0
2021-03-12 06:51:44,5.741,3.0,,17.0,2083.38,788.5999999999999,0.0
2021-03-12 06:51:45,5.589,0.0,,17.0,2088.93,788.5999999999999,0.0
2021-03-12 06:51:46,5.674,0.0,,17.0,2094.67,788.5999999999999,0.0
2021-03-12 06:51:47,5.331,0.0,,17.0,2100.22,788.5999999999999,0.0
2021-03-12 06:51:48,5.239,0.0,,17.0,2105.58,788.5999999999999,0.0
2021-03-12 06:51:49,5.343,0.0,,17.0,2110.94,788.4000000000001,0.0
2021-03-12 06:51:50,5.25,7.0,,17.0,2116.22,788.4000000000001,1.0
2021-03-12 06:51:51,5.555,30.0,,17.0,2121.69,788.4000000000001,50.0
2021-03-12 06:51:52,5.539,43.0,,17.0,2127.22,788.2,87.0
2021-03-12 06:51:53,5.587,48.0,,17.0,2132.96,788.2,108.0
2021-03-12 06:51:54,5.828,50.0,,17.0,2138.83,788.0,117.0
2021-03-12 06:51:55,5.953,51.0,,17.0,2144.82,788.0,131.0
2021-03-12 06:51:56,6.011,53.0,,17.0,2151.02,787.8,143.0
2021-03-12 06:51:57,6.199,54.0,,17.0,2157.3,787.8,156.0
2021-03-12 06:51:58,6.353,56.0,,17.0,2163.53,787.5999999999999,146.0
2021-03-12 06:51:59,6.449,57.0,,17.0,2170.07,787.4000000000001,113.0
2021-03-12 06:52:00,6.576,58.0,,17.0,2176.66,787.2,112.0
2021-03-12 06:52:01,6.743,59.0,,17.0,2183.35,787.0,113.0
2021-03-12 06:52:02,6.9,60.0,,17.0,2190.03,787.0,114.0
2021-03-12 06:52:03,6.999,62.0,,17.0,2196.75,786.8,123.0
2021-03-12 06:52:04,7.126,63.0,,17.0,2203.85,786.8,124.0
2021-03-12 06:52:05,7.227,64.0,,17.0,2210.84,786.5999999999999,148.0
2021-03-12 06:52:06,7.365,65.0,,17.0,2218.06,786.5999999999999,155.0
2021-03-12 06:52:07,7.533,66.0,,17.0,2225.43,786.4000000000001,173.0
2021-03-12 06:52:08,7.657,68.0,,17.0,2232.91,786.4000000000001,171.0
2021-03-12 06:52:09,7.743,69.0,,17.0,2240.73,786.2,159.0
2021-03-12 06:52:10,7.838,70.0,,17.0,2248.55,786.2,138.0
2021-03-12 06:52:11,7.951,71.0,,17.0,2256.38,786.2,165.0
2021-03-12 06:52:12,8.076,72.0,,17.0,2264.33,786.0,164.0
2021-03-12 06:52:13,8.168,73.0,,17.0,2272.7,786.0,150.0
2021-03-12 06:52:14,8.317,73.0,,17.0,2280.91,786.0,182.0
2021-03-12 06:52:15,8.427,73.0,,17.0,2289.34,786.2,204.0
2021-03-12 06:52:16,8.236,74.0,,17.0,2297.55,786.2,193.0
2021-03-12 06:52:17,8.227,74.0,,17.0,2305.82,786.2,173.0
2021-03-12 06:52:18,7.976,74.0,,17.0,2313.81,786.2,163.0
2021-03-12 06:52:19,7.582,72.0,,17.0,2321.52,786.2,123.0
2021-03-12 06:52:20,7.759,71.0,,17.0,2328.96,786.2,113.0
2021-03-12 06:52:21,7.53,70.0,,17.0,2336.5,786.4000000000001,110.0
2021-03-12 06:52:22,7.405,68.0,,17.0,2343.73,786.4000000000001,116.0
2021-03-12 06:52:23,7.528,69.0,,17.0,2351.44,786.5999999999999,145.0
2021-03-12 06:52:24,7.902,70.0,,17.0,2359.56,786.8,128.0
2021-03-12 06:52:25,8.34,71.0,,17.0,2367.73,786.8,134.0
2021-03-12 06:52:26,8.347,72.0,,17.0,2375.75,787.0,139.0
2021-03-12 06:52:27,8.296,71.0,,17.0,2383.95,787.0,123.0
2021-03-12 06:52:28,7.723,55.0,,17.0,2391.77,787.2,95.0
2021-03-12 06:52:29,7.664,39.0,,17.0,2399.49,787.2,67.0
2021-03-12 06:52:30,7.472,23.0,,17.0,2407.32,787.4000000000001,40.0
2021-03-12 06:52:31,7.348,7.0,,17.0,2414.73,787.5999999999999,12.0
2021-03-12 06:52:32,7.262,0.0,,17.0,2422.11,787.5999999999999,0.0
2021-03-12 06:52:33,7.202,20.0,,17.0,2429.51,787.8,33.0
2021-03-12 06:52:34,7.319,47.0,,17.0,2436.94,787.8,129.0
2021-03-12 06:52:35,7.51,66.0,,17.0,2444.4,788.0,181.0
2021-03-12 06:52:36,7.609,67.0,,17.0,2451.86,788.2,147.0
2021-03-12 06:52:37,7.602,68.0,,17.0,2459.36,788.2,122.0
2021-03-12 06:52:38,7.756,68.0,,17.0,2466.94,788.2,107.0
2021-03-12 06:52:39,7.95,68.0,,17.0,2474.97,788.2,87.0
2021-03-12 06:52:40,7.504,61.0,,17.0,2482.85,788.2,65.0
2021-03-12 06:52:41,7.203,42.0,,17.0,2490.24,788.4000000000001,45.0
2021-03-12 06:52:42,7.072,23.0,,17.0,2497.35,788.4000000000001,24.0
2021-03-12 06:52:43,6.327,3.0,,17.0,2503.94,788.4000000000001,0.0
2021-03-12 06:52:44,5.676,0.0,,17.0,2509.82,788.4000000000001,0.0
2021-03-12 06:52:45,5.658,0.0,,17.0,2515.54,788.5999999999999,0.0
2021-03-12 06:52:46,5.379,0.0,,17.0,2520.88,788.5999999999999,0.0
2021-03-12 06:52:47,5.353,0.0,,17.0,2526.12,788.5999999999999,0.0
2021-03-12 06:52:48,5.944,17.0,,17.0,2531.65,788.5999999999999,48.0
2021-03-12 06:52:49,5.99,42.0,,17.0,2537.45,788.5999999999999,167.0
2021-03-12 06:52:50,6.223,54.0,,17.0,2543.44,788.5999999999999,214.0
2021-03-12 06:52:51,6.356,59.0,,17.0,2549.62,788.8,211.0
2021-03-12 06:52:52,6.724,64.0,,16.0,2556.47,788.8,201.0
2021-03-12 06:52:53,6.941,66.0,,16.0,2563.33,788.8,192.0
2021-03-12 06:52:54,6.782,68.0,,16.0,2570.12,788.8,170.0
2021-03-12 06:52:55,6.784,68.0,,16.0,2576.81,788.8,191.0
2021-03-12 06:52:56,6.727,64.0,,16.0,2583.47,788.8,178.0
2021-03-12 06:52:57,7.03,63.0,,16.0,2590.14,788.8,158.0
2021-03-12 06:52:58,7.041,63.0,,16.0,2597.05,788.8,146.0
2021-03-12 06:52:59,7.025,63.0,,16.0,2603.96,788.8,123.0
2021-03-12 06:53:00,6.8,63.0,,16.0,2610.67,788.8,112.0
2021-03-12 06:53:01,7.147,63.0,,16.0,2617.68,788.8,114.0
2021-03-12 06:53:02,7.051,63.0,,16.0,2624.77,788.8,115.0
2021-03-12 06:53:03,7.024,63.0,,16.0,2631.68,788.8,113.0
2021-03-12 06:53:04,6.993,63.0,,16.0,2638.33,788.8,115.0
2021-03-12 06:53:05,6.955,63.0,,16.0,2645.3,789.0,110.0
2021-03-12 06:53:06,6.871,63.0,,16.0,2652.27,789.0,118.0
2021-03-12 06:53:07,6.839,62.0,,16.0,2659.41,789.0,125.0
2021-03-12 06:53:08,6.658,62.0,,16.0,2666.28,789.0,130.0
2021-03-12 06:53:09,6.796,61.0,,16.0,2673.02,789.2,149.0
2021-03-12 06:53:10,6.785,61.0,,16.0,2679.89,789.2,156.0
2021-03-12 06:53:11,6.771,61.0,,16.0,2686.79,789.2,147.0
2021-03-12 06:53:12,6.748,61.0,,16.0,2693.66,789.2,155.0
2021-03-12 06:53:13,6.616,61.0,,16.0,2700.51,789.4000000000001,135.0
2021-03-12 06:53:14,6.625,61.0,,16.0,2707.17,789.4000000000001,136.0
2021-03-12 06:53:15,6.726,60.0,,16.0,2713.81,789.5999999999999,137.0
2021-03-12 06:53:16,6.836,60.0,,16.0,2720.87,789.5999999999999,139.0
2021-03-12 06:53:17,6.852,60.0,,16.0,2727.65,789.8,121.0
2021-03-12 06:53:18,6.845,65.0,,16.0,2734.46,789.8,128.0
2021-03-12 06:53:19,7.036,68.0,,16.0,2741.83,789.8,129.0
2021-03-12 06:53:20,6.863,69.0,,16.0,2748.83,790.0,115.0
2021-03-12 06:53:21,6.78,69.0,,16.0,2755.72,790.0,115.0
2021-03-12 06:53:22,6.736,68.0,,16.0,2762.51,790.0,100.0
2021-03-12 06:53:23,6.534,68.0,,16.0,2769.13,790.2,98.0
2021-03-12 06:53:24,6.524,67.0,,16.0,2775.58,790.2,102.0
2021-03-12 06:53:25,6.51,66.0,,16.0,2781.89,790.2,82.0
2021-03-12 06:53:26,6.213,65.0,,16.0,2788.13,790.4000000000001,81.0
2021-03-12 06:53:27,6.172,54.0,,16.0,2794.25,790.4000000000001,64.0
2021-03-12 06:53:28,6.002,38.0,,16.0,2800.32,790.4000000000001,45.0
2021-03-12 06:53:29,5.875,22.0,,16.0,2806.4,790.5999999999999,26.0
2021-03-12 06:53:30,5.972,6.0,,16.0,2812.25,790.5999999999999,7.0
2021-03-12 06:53:31,5.787,0.0,,16.0,2818.12,790.8,0.0
2021-03-12 06:53:32,5.685,0.0,,16.0,2823.82,790.8,0.0
2021-03-12 06:53:33,5.498,3.0,,16.0,2829.51,790.8,0.0
2021-03-12 06:53:34,5.413,13.0,,16.0,2834.94,791.0,12.0
2021-03-12 06:53:35,5.598,45.0,,16.0,2840.56,791.0,97.0
2021-03-12 06:53:36,5.784,58.0,,16.0,2846.44,791.0,116.0
2021-03-12 06:53:37,5.912,59.0,,16.0,2852.39,791.0,81.0
2021-03-12 06:53:38,5.943,60.0,,16.0,2858.55,791.0,64.0
2021-03-12 06:53:39,6.054,61.0,,16.0,2864.66,791.0,49.0
2021-03-12 06:53:40,6.108,61.0,,16.0,2870.75,791.2,61.0
2021-03-12 06:53:41,6.31,62.0,,16.0,2877.06,791.2,91.0
2021-03-12 06:53:42,6.312,64.0,,16.0,2883.22,791.2,99.0
2021-03-12 06:53:43,6.32,66.0,,16.0,2889.71,791.2,77.0
2021-03-12 06:53:44,6.47,66.0,,16.0,2896.11,791.2,70.0
2021-03-12 06:53:45,6.442,67.0,,16.0,2902.52,791.2,68.0
2021-03-12 06:53:46,6.044,67.0,,16.0,2908.77,791.2,68.0
2021-03-12 06:53:47,6.51,67.0,,16.0,2915.12,791.2,75.0
2021-03-12 06:53:48,6.591,67.0,,16.0,2921.74,791.2,78.0
2021-03-12 06:53:49,6.521,67.0,,16.0,2928.27,791.0,90.0
2021-03-12 06:53:50,6.598,67.0,,16.0,2935.07,791.0,92.0
2021-03-12 06:53:51,6.565,67.0,,16.0,2941.57,791.0,100.0
2021-03-12 06:53:52,6.41,67.0,,16.0,2947.89,791.0,94.0
2021-03-12 06:53:53,6.422,66.0,,16.0,2954.38,791.0,77.0
2021-03-12 06:53:54,6.431,66.0,,16.0,2961.03,791.0,73.0
2021-03-12 06:53:55,6.452,66.0,,16.0,2967.65,790.8,53.0
2021-03-12 06:53:56,6.481,64.0,,16.0,2974.36,790.8,51.0
2021-03-12 06:53:57,6.469,47.0,,16.0,2981.1,790.8,38.0
2021-03-12 06:53:58,6.38,31.0,,16.0,2987.83,791.0,25.0
2021-03-12 06:53:59,6.281,14.0,,16.0,2994.3,791.0,11.0
2021-03-12 06:54:00,6.138,0.0,,16.0,3000.75,791.0,0.0
2021-03-12 06:54:01,5.956,0.0,,16.0,3006.85,791.0,0.0
2021-03-12 06:54:02,5.872,0.0,,16.0,3012.95,791.0,0.0
2021-03-12 06:54:03,5.536,0.0,,16.0,3018.69,791.0,0.0
2021-03-12 06:54:04,5.724,0.0,,16.0,3024.44,791.0,0.0
2021-03-12 06:54:05,5.573,0.0,,16.0,3030.25,791.0,0.0
2021-03-12 06:54:06,5.248,0.0,,16.0,3035.22,791.0,0.0
2021-03-12 06:54:07,5.576,0.0,,16.0,3040.88,791.0,0.0
2021-03-12 06:54:08,5.376,0.0,,16.0,3046.64,791.0,0.0
2021-03-12 06:54:09,5.503,0.0,,16.0,3052.26,790.8,0.0
2021-03-12 06:54:10,5.513,0.0,,16.0,3057.98,790.8,0.0
2021-03-12 06:54:11,5.52,40.0,,16.0,3063.52,790.8,69.0
2021-03-12 06:54:12,5.548,55.0,,16.0,3069.26,790.5999999999999,75.0
2021-03-12 06:54:13,5.562,55.0,,16.0,3074.84,790.5999999999999,60.0
2021-03-12 06:54:14,5.568,56.0,,16.0,3080.38,790.4000000000001,46.0
2021-03-12 06:54:15,5.545,56.0,,16.0,3085.96,790.4000000000001,54.0
2021-03-12 06:54:16,5.352,56.0,,16.0,3091.39,790.4000000000001,55.0
2021-03-12 06:54:17,5.283,56.0,,16.0,3096.65,790.4000000000001,53.0
2021-03-12 06:54:18,5.314,56.0,,16.0,3101.97,790.2,86.0
2021-03-12 06:54:19,5.324,58.0,,16.0,3107.14,790.0,131.0
2021-03-12 06:54:20,5.217,61.0,,16.0,3112.12,790.0,161.0
2021-03-12 06:54:21,5.365,60.0,,16.0,3117.17,789.8,157.0
2021-03-12 06:54:22,5.387,60.0,,16.0,3122.56,789.8,150.0
2021-03-12 06:54:23,5.52,61.0,,16.0,3127.95,789.5999999999999,143.0
2021-03-12 06:54:24,5.568,62.0,,16.0,3133.46,789.4000000000001,125.0
2021-03-12 06:54:25,5.395,63.0,,16.0,3138.89,789.4000000000001,112.0
2021-03-12 06:54:26,5.505,63.0,,16.0,3144.36,789.2,81.0
2021-03-12 06:54:27,5.475,61.0,,16.0,3149.75,789.2,100.0
2021-03-12 06:54:28,5.453,61.0,,16.0,3155.13,789.0,95.0
2021-03-12 06:54:29,5.292,60.0,,16.0,3160.29,789.0,64.0
2021-03-12 06:54:30,5.286,60.0,,16.0,3165.32,788.8,58.0
2021-03-12 06:54:31,5.27,59.0,,16.0,3170.57,788.8,63.0
2021-03-12 06:54:32,5.36,59.0,,16.0,3175.94,788.8,50.0
2021-03-12 06:54:33,5.338,59.0,,16.0,3181.34,788.5999999999999,51.0
2021-03-12 06:54:34,5.243,59.0,,16.0,3186.83,788.5999999999999,64.0
2021-03-12 06:54:35,5.239,49.0,,16.0,3191.98,788.4000000000001,57.0
2021-03-12 06:54:36,5.233,34.0,,16.0,3196.99,788.4000000000001,40.0
2021-03-12 06:54:37,5.205,19.0,,16.0,3202.14,788.2,22.0
2021-03-12 06:54:38,5.204,4.0,,16.0,3207.38,788.2,0.0
2021-03-12 06:54:39,5.259,0.0,,16.0,3212.56,788.2,0.0
2021-03-12 06:54:40,5.409,0.0,,16.0,3217.64,788.0,0.0
2021-03-12 06:54:41,5.149,0.0,,16.0,3223.15,788.0,0.0
2021-03-12 06:54:42,5.261,0.0,,16.0,3228.3,788.0,0.0
2021-03-12 06:54:43,5.219,0.0,,16.0,3233.48,787.8,0.0
2021-03-12 06:54:44,5.443,0.0,,16.0,3239.01,787.5999999999999,0.0
2021-03-12 06:54:45,5.627,8.0,,16.0,3244.44,787.5999999999999,16.0
2021-03-12 06:54:46,5.674,26.0,,16.0,3250.18,787.4000000000001,50.0
2021-03-12 06:54:47,5.755,44.0,,16.0,3255.88,787.4000000000001,83.0
2021-03-12 06:54:48,5.596,62.0,,16.0,3261.47,787.2,117.0
2021-03-12 06:54:49,5.84,67.0,,16.0,3267.2,787.2,107.0
2021-03-12 06:54:50,6.045,68.0,,16.0,3273.18,787.0,65.0
2021-03-12 06:54:51,5.84,69.0,,16.0,3279.16,786.8,59.0
2021-03-12 06:54:52,6.25,68.0,,16.0,3285.48,786.8,54.0
2021-03-12 06:54:53,6.272,64.0,,16.0,3291.77,786.5999999999999,60.0
2021-03-12 06:54:54,6.274,56.0,,16.0,3297.99,786.5999999999999,48.0
2021-03-12 06:54:55,6.114,40.0,,16.0,3304.29,786.5999999999999,34.0
2021-03-12 06:54:56,6.32,24.0,,16.0,3310.12,786.4000000000001,21.0
2021-03-12 06:54:57,6.029,8.0,,16.0,3316.79,786.4000000000001,7.0
2021-03-12 06:54:58,6.057,0.0,,16.0,3323.06,786.4000000000001,0.0
2021-03-12 06:54:59,6.057,0.0,,16.0,3329.26,786.4000000000001,0.0
2021-03-12 06:55:00,6.086,0.0,,16.0,3335.75,786.2,0.0
2021-03-12 06:55:01,6.089,0.0,,16.0,3342.16,786.2,0.0
2021-03-12 06:55:02,6.061,0.0,,16.0,3348.13,786.2,0.0
2021-03-12 06:55:03,5.913,0.0,,16.0,3354.25,786.0,0.0
2021-03-12 06:55:04,5.5,0.0,,16.0,3360.17,785.8,0.0
2021-03-12 06:55:05,4.515,0.0,,16.0,3364.9,785.8,0.0
2021-03-12 06:55:06,3.815,0.0,,16.0,3369.11,785.8,0.0
2021-03-12 06:55:07,3.226,0.0,,16.0,3372.94,785.5999999999999,0.0
2021-03-12 06:55:08,2.655,0.0,,16.0,3376.22,785.5999999999999,0.0
2021-03-12 06:55:09,2.437,0.0,,16.0,3378.93,785.4000000000001,0.0
2021-03-12 06:55:10,2.192,0.0,,16.0,3381.21,785.4000000000001,0.0
2021-03-12 06:55:11,2.237,0.0,,16.0,3383.47,785.4000000000001,0.0
2021-03-12 06:55:12,2.646,0.0,,16.0,3386.01,785.2,0.0
2021-03-12 06:55:13,3.296,15.0,,16.0,3389.04,785.2,86.0
2021-03-12 06:55:14,4.028,33.0,,16.0,3392.87,785.0,163.0
2021-03-12 06:55:15,4.287,39.0,,16.0,3397.0,785.0,150.0
2021-03-12 06:55:16,4.596,43.0,,16.0,3401.44,784.8,98.0
2021-03-12 06:55:17,4.811,46.0,,16.0,3406.33,784.5999999999999,78.0
2021-03-12 06:55:18,5.071,49.0,,16.0,3411.34,784.5999999999999,79.0
2021-03-12 06:55:19,5.217,52.0,,16.0,3416.54,784.4000000000001,78.0
2021-03-12 06:55:20,5.252,53.0,,16.0,3421.68,784.4000000000001,77.0
2021-03-12 06:55:21,5.224,54.0,,16.0,3426.9,784.2,95.0
2021-03-12 06:55:22,4.938,54.0,,16.0,3431.92,784.2,72.0
2021-03-12 06:55:23,5.169,54.0,,16.0,3436.96,784.0,58.0
2021-03-12 06:55:24,5.484,54.0,,16.0,3442.08,784.0,65.0
2021-03-12 06:55:25,5.479,46.0,,16.0,3447.56,784.0,52.0
2021-03-12 06:55:26,5.565,36.0,,16.0,3453.11,783.8,32.0
2021-03-12 06:55:27,5.555,27.0,,16.0,3458.62,783.8,15.0
2021-03-12 06:55:28,5.584,38.0,,16.0,3464.19,783.5999999999999,64.0
2021-03-12 06:55:29,5.734,58.0,,16.0,3469.76,783.5999999999999,102.0
2021-03-12 06:55:30,5.756,59.0,,16.0,3475.58,783.5999999999999,86.0
2021-03-12 06:55:31,5.931,60.0,,16.0,3481.49,783.5999999999999,58.0
2021-03-12 06:55:32,5.934,47.0,,16.0,3487.42,783.4000000000001,45.0
2021-03-12 06:55:33,5.768,33.0,,16.0,3493.29,783.4000000000001,32.0
2021-03-12 06:55:34,5.792,20.0,,16.0,3499.05,783.2,19.0
2021-03-12 06:55:35,5.76,6.0,,16.0,3504.98,783.2,6.0
2021-03-12 06:55:36,5.678,0.0,,16.0,3510.74,783.0,0.0
2021-03-12 06:55:37,5.654,0.0,,16.0,3516.43,783.0,0.0
2021-03-12 06:55:38,5.505,0.0,,16.0,3522.03,783.0,0.0
2021-03-12 06:55:39,5.568,0.0,,16.0,3527.91,782.8,0.0
2021-03-12 06:55:40,5.797,0.0,,16.0,3533.52,782.8,0.0
2021-03-12 06:55:41,5.875,0.0,,16.0,3539.42,782.5999999999999,0.0
2021-03-12 06:55:42,5.59,5.0,,16.0,3545.09,782.5999999999999,0.0
2021-03-12 06:55:43,5.425,39.0,,16.0,3550.51,782.5999999999999,24.0
2021-03-12 06:55:44,5.401,55.0,,16.0,3556.0,782.5999999999999,48.0
2021-03-12 06:55:45,5.152,55.0,,16.0,3561.19,782.5999999999999,73.0
2021-03-12 06:55:46,5.278,55.0,,16.0,3566.38,782.5999999999999,80.0
2021-03-12 06:55:47,5.179,55.0,,16.0,3571.76,782.5999999999999,69.0
2021-03-12 06:55:48,5.516,56.0,,16.0,3577.13,782.5999999999999,99.0
2021-03-12 06:55:49,5.547,57.0,,16.0,3582.61,782.4000000000001,92.0
2021-03-12 06:55:50,5.738,58.0,,16.0,3588.31,782.4000000000001,69.0
2021-03-12 06:55:51,5.725,58.0,,16.0,3594.09,782.4000000000001,42.0
2021-03-12 06:55:52,5.675,58.0,,16.0,3599.83,782.4000000000001,28.0
2021-03-12 06:55:53,5.396,58.0,,16.0,3605.22,782.5999999999999,24.0
2021-03-12 06:55:54,5.115,57.0,,16.0,3610.56,782.5999999999999,21.0
2021-03-12 06:55:55,5.356,56.0,,16.0,3615.78,782.5999999999999,21.0
2021-03-12 06:55:56,5.379,54.0,,16.0,3621.28,782.5999999999999,38.0
2021-03-12 06:55:57,5.306,54.0,,16.0,3626.69,782.5999999999999,62.0
2021-03-12 06:55:58,5.296,54.0,,16.0,3632.38,782.5999999999999,63.0
2021-03-12 06:55:59,5.391,54.0,,16.0,3638.09,782.8,58.0
2021-03-12 06:56:00,5.252,48.0,,16.0,3643.58,782.8,45.0
2021-03-12 06:56:01,5.236,36.0,,16.0,3648.81,782.8,24.0
2021-03-12 06:56:02,5.347,40.0,,16.0,3654.17,782.8,59.0
2021-03-12 06:56:03,5.361,50.0,,16.0,3659.57,782.8,68.0
2021-03-12 06:56:04,5.397,48.0,,16.0,3665.11,782.8,60.0
2021-03-12 06:56:05,5.397,36.0,,16.0,3670.45,783.0,45.0
2021-03-12 06:56:06,5.291,24.0,,16.0,3675.63,783.0,29.0
2021-03-12 06:56:07,5.168,11.0,,16.0,3680.84,783.0,14.0
2021-03-12 06:56:08,5.057,2.0,,16.0,3686.02,783.2,0.0
2021-03-12 06:56:09,5.087,24.0,,16.0,3691.24,783.2,33.0
2021-03-12 06:56:10,5.225,42.0,,16.0,3696.44,783.2,80.0
2021-03-12 06:56:11,5.435,54.0,,16.0,3701.88,783.4000000000001,107.0
2021-03-12 06:56:12,5.705,56.0,,16.0,3707.61,783.4000000000001,114.0
2021-03-12 06:56:13,5.725,58.0,,16.0,3713.36,783.4000000000001,76.0
2021-03-12 06:56:14,5.694,58.0,,16.0,3718.94,783.4000000000001,62.0
2021-03-12 06:56:15,5.622,53.0,,16.0,3724.67,783.5999999999999,47.0
2021-03-12 06:56:16,5.574,35.0,,16.0,3730.4,783.5999999999999,31.0
2021-03-12 06:56:17,5.343,17.0,,16.0,3736.09,783.5999999999999,15.0
2021-03-12 06:56:18,5.212,0.0,,16.0,3741.37,783.5999999999999,0.0
2021-03-12 06:56:19,4.933,0.0,,16.0,3746.16,783.5999999999999,0.0
2021-03-12 06:56:20,4.824,0.0,,16.0,3750.71,783.5999999999999,0.0
2021-03-12 06:56:21,5.036,0.0,,16.0,3755.89,783.8,0.0
2021-03-12 06:56:22,4.992,0.0,,16.0,3761.04,783.5999999999999,0.0
2021-03-12 06:56:23,4.863,0.0,,16.0,3765.86,783.5999999999999,0.0
2021-03-12 06:56:24,4.817,0.0,,16.0,3770.78,783.5999999999999,0.0
2021-03-12 06:56:25,4.715,0.0,,16.0,3775.66,783.4000000000001,0.0
2021-03-12 06:56:26,4.77,0.0,,16.0,3780.46,783.4000000000001,0.0
2021-03-12 06:56:27,4.578,0.0,,16.0,3785.12,783.4000000000001,0.0
2021-03-12 06:56:28,4.575,0.0,,16.0,3789.91,783.2,0.0
2021-03-12 06:56:29,4.561,0.0,,16.0,3794.55,783.2,0.0
2021-03-12 06:56:30,4.345,0.0,,16.0,3799.29,783.0,0.0
2021-03-12 06:56:31,3.953,0.0,,16.0,3803.49,782.8,0.0
2021-03-12 06:56:32,3.612,0.0,,16.0,3807.35,782.8,0.0
2021-03-12 06:56:33,3.58,0.0,,16.0,3810.95,782.5999999999999,0.0
2021-03-12 06:56:34,3.433,0.0,,16.0,3814.37,782.4000000000001,0.0
2021-03-12 06:56:35,3.317,0.0,,16.0,3817.83,782.4000000000001,0.0
2021-03-12 06:56:36,2.533,0.0,,16.0,3820.66,782.2,0.0
2021-03-12 06:57:43,0.13,0.0,,16.0,3822.43,780.8,0.0
2021-03-12 06:57:44,1.058,0.0,,16.0,3822.43,780.8,0.0
2021-03-12 06:57:45,1.684,4.0,,16.0,3822.92,780.5999999999999,0.0
2021-03-12 06:57:46,2.241,13.0,,16.0,3826.32,780.5999999999999,46.0
2021-03-12 06:57:47,2.631,21.0,,16.0,3828.79,780.4000000000001,101.0
2021-03-12 06:57:48,3.004,26.0,,16.0,3831.62,780.2,111.0
2021-03-12 06:57:49,3.288,28.0,,16.0,3834.79,780.0,100.0
2021-03-12 06:57:50,3.608,32.0,,16.0,3838.18,780.0,136.0
2021-03-12 06:57:51,4.109,35.0,,16.0,3841.98,779.8,183.0
2021-03-12 06:57:52,4.512,39.0,,16.0,3846.34,779.5999999999999,196.0
2021-03-12 06:57:53,4.861,42.0,,16.0,3851.14,779.5999999999999,208.0
2021-03-12 06:57:54,4.764,49.0,,16.0,3855.97,779.4000000000001,200.0
2021-03-12 06:57:55,5.0,53.0,,16.0,3860.84,779.4000000000001,201.0
2021-03-12 06:57:56,5.614,55.0,,16.0,3866.26,779.5999999999999,213.0
2021-03-12 06:57:57,6.062,58.0,,16.0,3872.0,779.5999999999999,225.0
2021-03-12 06:57:58,6.196,61.0,,16.0,3877.76,779.8,221.0
2021-03-12 06:57:59,6.257,63.0,,16.0,3883.77,780.0,186.0
2021-03-12 06:58:00,6.477,65.0,,16.0,3890.18,780.2,148.0
2021-03-12 06:58:01,6.7,67.0,,16.0,3896.72,780.2,119.0
2021-03-12 06:58:02,6.807,69.0,,16.0,3903.42,780.2,156.0
2021-03-12 06:58:03,7.0,71.0,,16.0,3910.25,780.4000000000001,201.0
2021-03-12 06:58:04,7.184,72.0,,16.0,3917.39,780.4000000000001,194.0
2021-03-12 06:58:05,7.2,74.0,,16.0,3924.81,780.5999999999999,146.0
2021-03-12 06:58:06,7.231,74.0,,16.0,3932.36,780.8,155.0
2021-03-12 06:58:07,7.316,73.0,,17.0,3939.81,781.0,188.0
2021-03-12 06:58:08,7.691,70.0,,17.0,3947.44,781.2,235.0
2021-03-12 06:58:09,7.918,68.0,,17.0,3955.24,781.5999999999999,260.0
2021-03-12 06:58:10,8.102,69.0,,17.0,3963.38,781.8,253.0
2021-03-12 06:58:11,8.204,73.0,,17.0,3971.56,782.2,333.0
2021-03-12 06:58:12,8.628,75.0,,17.0,3979.9,782.4000000000001,422.0
2021-03-12 06:58:13,8.625,79.0,,17.0,3988.61,782.5999999999999,251.0
2021-03-12 06:58:14,8.653,80.0,,17.0,3997.3,783.0,137.0
2021-03-12 06:58:15,8.752,79.0,,17.0,4006.2,783.2,82.0
2021-03-12 06:58:16,8.582,78.0,,17.0,4014.77,783.4000000000001,67.0
2021-03-12 06:58:17,8.531,75.0,,17.0,4023.57,783.5999999999999,75.0
2021-03-12 06:58:18,8.412,72.0,,17.0,4032.13,783.8,71.0
2021-03-12 06:58:19,8.5,71.0,,17.0,4040.95,784.0,48.0
2021-03-12 06:58:20,8.415,70.0,,17.0,4049.32,784.0,57.0
2021-03-12 06:58:21,8.724,71.0,,17.0,4058.0,784.2,227.0
2021-03-12 06:58:22,8.911,71.0,,17.0,4066.97,784.4000000000001,306.0
2021-03-12 06:58:23,9.046,75.0,,17.0,4076.02,784.5999999999999,298.0
2021-03-12 06:58:24,9.159,76.0,,17.0,4085.21,784.8,291.0
2021-03-12 06:58:25,9.255,78.0,,17.0,4094.57,784.8,291.0
2021-03-12 06:58:26,9.322,78.0,,17.0,4103.91,785.0,255.0
2021-03-12 06:58:27,9.301,78.0,,17.0,4113.23,785.0,214.0
2021-03-12 06:58:28,9.291,78.0,,17.0,4122.84,785.2,179.0
2021-03-12 06:58:29,9.331,78.0,,17.0,4132.19,785.2,301.0
2021-03-12 06:58:30,9.528,80.0,,17.0,4142.03,785.2,344.0
2021-03-12 06:58:31,9.548,81.0,,17.0,4151.53,785.4000000000001,360.0
2021-03-12 06:58:32,9.571,81.0,,17.0,4161.2,785.4000000000001,302.0
2021-03-12 06:58:33,9.657,82.0,,17.0,4171.03,785.5999999999999,298.0
2021-03-12 06:58:34,9.626,82.0,,17.0,4180.65,785.8,220.0
2021-03-12 06:58:35,9.393,80.0,,17.0,4190.19,785.8,96.0
2021-03-12 06:58:36,9.034,74.0,,17.0,4199.58,785.8,33.0
2021-03-12 06:58:37,8.727,60.0,,17.0,4208.63,785.8,1.0
2021-03-12 06:58:38,8.344,43.0,,17.0,4217.25,786.0,1.0
2021-03-12 06:58:39,8.004,26.0,,17.0,4225.35,786.0,0.0
2021-03-12 06:58:40,7.651,8.0,,17.0,4233.18,786.2,0.0
2021-03-12 06:58:41,7.317,0.0,,17.0,4240.86,786.2,0.0
2021-03-12 06:58:42,7.011,4.0,,17.0,4248.21,786.4000000000001,0.0
2021-03-12 06:58:43,6.845,19.0,,17.0,4255.18,786.4000000000001,12.0
2021-03-12 06:58:44,6.745,57.0,,17.0,4261.99,786.5999999999999,94.0
2021-03-12 06:58:45,6.626,60.0,,17.0,4268.68,787.0,113.0
2021-03-12 06:58:46,6.512,59.0,,17.0,4275.18,787.2,112.0
2021-03-12 06:58:47,6.503,59.0,,17.0,4281.68,787.4000000000001,125.0
2021-03-12 06:58:48,6.315,58.0,,17.0,4288.06,787.5999999999999,139.0
2021-03-12 06:58:49,6.035,60.0,,17.0,4294.02,787.8,54.0
2021-03-12 06:58:50,5.724,62.0,,17.0,4299.93,788.0,49.0
2021-03-12 06:58:51,5.37,46.0,,17.0,4305.36,788.2,37.0
2021-03-12 06:58:52,5.022,31.0,,17.0,4310.39,788.5999999999999,24.0
2021-03-12 06:58:53,4.811,15.0,,17.0,4315.35,788.8,12.0
2021-03-12 06:58:54,4.553,0.0,,17.0,4320.03,789.2,0.0
2021-03-12 06:58:55,4.628,3.0,,17.0,4325.04,789.5999999999999,0.0
2021-03-12 06:58:56,5.01,15.0,,17.0,4330.04,790.0,9.0
2021-03-12 06:58:57,5.295,40.0,,17.0,4335.22,790.2,141.0
2021-03-12 06:58:58,5.485,59.0,,17.0,4340.49,790.5999999999999,212.0
2021-03-12 06:58:59,5.021,57.0,,17.0,4345.92,791.0,215.0
2021-03-12 06:59:00,3.666,44.0,,17.0,4350.34,791.4000000000001,143.0
2021-03-12 06:59:01,1.609,30.0,,17.0,4353.01,791.5999999999999,71.0
2021-03-12 06:59:05,2.869,45.0,,17.0,4353.48,793.0,73.0
2021-03-12 06:59:06,2.757,41.0,,17.0,4356.88,793.0,58.0
2021-03-12 06:59:07,3.106,37.0,,17.0,4360.1,793.2,29.0
2021-03-12 06:59:08,2.741,30.0,,17.0,4362.82,793.2,18.0
2021-03-12 06:59:09,3.054,22.0,,17.0,4365.69,793.4000000000001,13.0
2021-03-12 06:59:10,3.22,15.0,,17.0,4369.12,793.5999999999999,9.0
2021-03-12 06:59:11,3.541,7.0,,17.0,4372.8,793.8,4.0
2021-03-12 06:59:12,4.054,0.0,,17.0,4377.4,794.0,0.0
2021-03-12 06:59:13,4.137,0.0,,17.0,4382.41,794.2,0.0
2021-03-12 06:59:14,4.043,0.0,,17.0,4387.31,794.2,0.0
2021-03-12 06:59:15,3.887,0.0,,17.0,4392.09,794.4000000000001,0.0
2021-03-12 06:59:16,3.51,16.0,,17.0,4396.42,794.5999999999999,5.0
2021-03-12 06:59:17,3.174,32.0,,17.0,4399.85,794.8,11.0
2021-03-12 06:59:18,2.684,48.0,,17.0,4402.82,795.0,25.0
2021-03-12 06:59:19,2.765,49.0,,17.0,4405.95,795.0,24.0
2021-03-12 06:59:20,3.279,39.0,,17.0,4409.27,795.2,19.0
2021-03-12 06:59:21,3.411,27.0,,17.0,4412.72,795.4000000000001,13.0
2021-03-12 06:59:22,3.508,15.0,,17.0,4416.25,795.4000000000001,7.0
2021-03-12 06:59:23,3.303,2.0,,17.0,4419.46,795.5999999999999,0.0
2021-03-12 06:59:24,3.268,0.0,,17.0,4422.75,795.8,0.0
2021-03-12 06:59:25,3.4,0.0,,17.0,4426.21,795.8,0.0
2021-03-12 06:59:26,2.941,0.0,,17.0,4429.0,796.0,0.0
2021-03-12 06:59:27,2.886,0.0,,17.0,4431.86,796.2,0.0
2021-03-12 06:59:28,4.08,0.0,,17.0,4436.34,796.2,0.0
2021-03-12 06:59:29,3.682,0.0,,17.0,4439.89,796.4000000000001,0.0
2021-03-12 06:59:30,2.302,0.0,,17.0,4441.73,796.5999999999999,0.0
2021-03-12 06:59:31,2.037,0.0,,17.0,4443.68,796.8,0.0
2021-03-12 06:59:32,2.382,0.0,,17.0,4446.17,797.0,0.0
2021-03-12 06:59:33,1.029,0.0,,17.0,4446.81,797.0,0.0
2021-03-12 06:59:34,0.0,0.0,,17.0,4446.81,797.2,0.0
2021-03-12 06:59:35,0.0,0.0,,17.0,4446.81,797.4000000000001,0.0
2021-03-12 06:59:36,0.0,0.0,,17.0,4446.81,797.5999999999999,0.0
2021-03-12 06:59:37,0.0,0.0,,17.0,4446.81,797.8,0.0
2021-03-12 06:59:38,0.0,0.0,,17.0,4446.81,798.0,0.0
2021-03-12 07:00:38,1.985,0.0,,16.0,4447.09,798.4000000000001,0.0
2021-03-12 07:00:39,2.015,0.0,,16.0,4449.2,798.4000000000001,0.0
2021-03-12 07:00:40,1.688,0.0,,16.0,4449.87,798.4000000000001,0.0
2021-03-12 07:00:41,1.372,0.0,,16.0,4450.08,798.2,0.0
2021-03-12 07:00:42,1.105,0.0,,16.0,4450.5,798.2,0.0
2021-03-12 07:00:43,1.064,0.0,,16.0,4451.11,798.2,0.0
2021-03-12 07:00:44,0.972,0.0,,16.0,4451.87,798.0,0.0
2021-03-12 07:00:45,0.99,0.0,,16.0,4454.42,798.0,0.0
2021-03-12 07:00:46,1.009,0.0,,16.0,4456.96,798.0,0.0
2021-03-12 07:00:47,1.027,0.0,,16.0,4459.51,798.0,0.0
2021-03-12 07:00:48,1.046,0.0,,16.0,4462.06,798.0,0.0
2021-03-12 07:00:49,1.064,0.0,,16.0,4464.6,798.0,0.0
2021-03-12 07:00:50,1.082,0.0,,16.0,4467.15,798.0,0.0
2021-03-12 07:00:51,1.101,0.0,,16.0,4469.7,798.0,0.0
2021-03-12 07:00:52,1.119,0.0,,16.0,4472.24,798.0,0.0
2021-03-12 07:00:53,1.138,0.0,,16.0,4474.79,798.0,0.0
2021-03-12 07:00:54,1.156,0.0,,16.0,4477.34,798.2,0.0
2021-03-12 07:00:55,1.175,0.0,,16.0,4479.88,798.2,0.0
2021-03-12 07:00:56,1.193,0.0,,16.0,4482.43,798.2,0.0
2021-03-12 07:00:57,1.212,0.0,,16.0,4484.98,798.4000000000001,0.0
2021-03-12 07:00:58,1.23,0.0,,16.0,4487.52,798.4000000000001,0.0
2021-03-12 07:00:59,1.246,0.0,,16.0,4490.08,798.4000000000001,0.0
2021-03-12 07:01:00,1.244,0.0,,16.0,4492.54,798.4000000000001,0.0
2021-03-12 07:01:01,1.235,0.0,,16.0,4493.73,798.4000000000001,0.0
2021-03-12 07:01:02,1.224,0.0,,16.0,4494.33,798.4000000000001,0.0
2021-03-12 07:01:03,1.209,0.0,,16.0,4495.01,798.4000000000001,0.0
2021-03-12 07:01:04,1.189,0.0,,16.0,4495.32,798.4000000000001,0.0
2021-03-12 07:01:05,1.17,0.0,,16.0,4496.04,798.4000000000001,0.0
2021-03-12 07:01:06,1.157,0.0,,16.0,4496.75,798.5999999999999,0.0
2021-03-12 07:01:07,1.148,0.0,,16.0,4498.06,798.8,0.0
2021-03-12 07:01:08,1.148,0.0,,16.0,4498.06,798.8,0.0
2021-03-12 07:01:09,,0.0,,16.0,4498.06,799.0,0.0
2021-03-12 07:01:10,,0.0,,16.0,4498.06,799.0,0.0
2021-03-12 07:01:11,,0.0,,16.0,4498.06,799.2,0.0
2021-03-12 07:01:12,,0.0,,16.0,4498.06,799.2,0.0
2021-03-12 07:01:13,,0.0,,16.0,4498.06,799.4000000000001,0.0
2021-03-12 07:01:14,,0.0,,16.0,4498.06,799.4000000000001,0.0
2021-03-12 07:01:15,,0.0,,16.0,4498.06,799.4000000000001,0.0
2021-03-12 07:01:16,,0.0,,16.0,4498.06,799.5999999999999,0.0
2021-03-12 07:01:17,,0.0,,16.0,4498.06,799.5999999999999,0.0
2021-03-12 07:01:18,,0.0,,16.0,4498.06,799.5999999999999,0.0
2021-03-12 07:01:19,,0.0,,16.0,4498.06,799.5999999999999,0.0
2021-03-12 07:01:20,,0.0,,16.0,4498.06,799.5999999999999,0.0
2021-03-12 07:01:21,,0.0,,16.0,4498.06,799.8,0.0
2021-03-12 07:01:22,,0.0,,16.0,4498.06,799.8,0.0
2021-03-12 07:01:23,,0.0,,16.0,4498.06,800.0,0.0
2021-03-12 07:01:24,,0.0,,16.0,4498.06,800.2,0.0
2021-03-12 07:01:25,,0.0,,16.0,4498.06,800.4000000000001,0.0
2021-03-12 07:01:26,,0.0,,16.0,4498.06,800.5999999999999,0.0
2021-03-12 07:01:27,,0.0,,16.0,4498.06,800.8,0.0
2021-03-12 07:01:28,,0.0,,16.0,4498.06,801.0,0.0
2021-03-12 07:01:29,,0.0,,16.0,4498.06,801.2,0.0
2021-03-12 07:01:30,,0.0,,16.0,4498.06,801.5999999999999,0.0
2021-03-12 07:01:31,,0.0,,16.0,4498.06,801.8,0.0
2021-03-12 07:01:32,,0.0,,16.0,4498.06,802.2,0.0
2021-03-12 07:01:33,,0.0,,16.0,4498.06,802.5999999999999,0.0
2021-03-12 07:01:34,,0.0,,16.0,4498.06,803.0,0.0
2021-03-12 07:01:35,,0.0,,16.0,4498.06,803.4000000000001,0.0
2021-03-12 07:01:36,,0.0,,16.0,4498.06,803.8,0.0
2021-03-12 07:01:37,,0.0,,16.0,4498.06,804.4000000000001,0.0
2021-03-12 07:01:38,,0.0,,16.0,4498.06,804.8,0.0
2021-03-12 07:01:39,,0.0,,16.0,4498.06,805.4000000000001,0.0
2021-03-12 07:01:40,,0.0,,16.0,4498.06,806.0,0.0
2021-03-12 07:01:41,,0.0,,16.0,4498.06,806.4000000000001,0.0
2021-03-12 07:01:42,,0.0,,16.0,4498.06,807.0,0.0
2021-03-12 07:01:43,,0.0,,16.0,4498.06,807.5999999999999,0.0
2021-03-12 07:01:44,,0.0,,16.0,4498.06,808.0,0.0
2021-03-12 07:01:45,,0.0,,16.0,4498.06,808.5999999999999,0.0
2021-03-12 07:01:46,,0.0,,16.0,4498.06,809.0,0.0
2021-03-12 07:01:47,,0.0,,16.0,4498.06,809.4000000000001,0.0
2021-03-12 07:01:48,,0.0,,16.0,4498.06,809.8,0.0
2021-03-12 07:01:49,,0.0,,16.0,4498.06,810.2,0.0
2021-03-12 07:01:50,,0.0,,16.0,4498.06,810.5999999999999,0.0
2021-03-12 07:01:51,,0.0,,16.0,4498.06,811.2,0.0
2021-03-12 07:01:52,,0.0,,16.0,4498.06,811.4000000000001,0.0
2021-03-12 07:01:53,,0.0,,16.0,4498.06,811.8,0.0
2021-03-12 07:01:54,,0.0,,16.0,4498.06,812.2,0.0
2021-03-12 07:01:55,,0.0,,16.0,4498.06,812.5999999999999,0.0
2021-03-12 07:01:56,,0.0,,16.0,4498.06,813.0,0.0
2021-03-12 07:01:57,,0.0,,16.0,4498.06,813.4000000000001,0.0
2021-03-12 07:01:58,,0.0,,16.0,4498.06,813.5999999999999,0.0
2021-03-12 07:01:59,,0.0,,16.0,4498.06,814.0,0.0
2021-03-12 07:02:00,,0.0,,16.0,4498.06,814.4000000000001,0.0
2021-03-12 07:02:01,,0.0,,16.0,4498.06,814.8,0.0
2021-03-12 07:02:02,,0.0,,16.0,4498.06,815.4000000000001,0.0
2021-03-12 07:02:03,,0.0,,16.0,4498.06,815.8,0.0
2021-03-12 07:02:04,,0.0,,16.0,4498.06,816.4000000000001,0.0
2021-03-12 07:02:05,,0.0,,16.0,4498.06,816.8,0.0
2021-03-12 07:02:06,,0.0,,16.0,4498.06,817.4000000000001,0.0
2021-03-12 07:02:07,,0.0,,16.0,4498.06,817.8,0.0
2021-03-12 07:02:08,,0.0,,16.0,4498.06,818.4000000000001,0.0
2021-03-12 07:02:09,,0.0,,16.0,4498.06,818.8,0.0
2021-03-12 07:02:10,,0.0,,16.0,4498.06,819.4000000000001,0.0
2021-03-12 07:02:11,,0.0,,16.0,4498.06,819.8,0.0
2021-03-12 07:02:12,,0.0,,16.0,4498.06,820.2,0.0
2021-03-12 07:02:13,,0.0,,16.0,4498.06,820.5999999999999,0.0
2021-03-12 07:02:14,,0.0,,16.0,4498.06,820.8,0.0
2021-03-12 07:02:15,,0.0,,16.0,4498.06,821.0,0.0
2021-03-12 07:02:16,,0.0,,16.0,4498.06,821.4000000000001,0.0
2021-03-12 07:02:17,,0.0,,16.0,4498.06,821.5999999999999,0.0
2021-03-12 07:02:18,,0.0,,16.0,4498.06,822.0,0.0
2021-03-12 07:02:19,,0.0,,16.0,4498.06,822.4000000000001,0.0
2021-03-12 07:02:20,,0.0,,16.0,4498.06,822.8,0.0
2021-03-12 07:02:21,,0.0,,16.0,4498.06,823.2,0.0
2021-03-12 07:02:22,,0.0,,16.0,4498.06,823.4000000000001,0.0
2021-03-12 07:02:23,,0.0,,16.0,4498.06,823.8,0.0
2021-03-12 07:13:29,7.372,50.0,,16.0,4507.69,798.2,42.0
2021-03-12 07:13:30,7.19,34.0,,16.0,4514.98,797.8,20.0
2021-03-12 07:13:31,7.222,29.0,,16.0,4522.42,798.0,22.0
2021-03-12 07:13:32,7.259,41.0,,16.0,4529.79,798.0,62.0
2021-03-12 07:13:33,7.401,56.0,,16.0,4537.25,798.0,101.0
2021-03-12 07:13:34,7.682,67.0,,16.0,4544.99,798.0,120.0
2021-03-12 07:13:35,7.539,68.0,,16.0,4552.74,797.8,134.0
2021-03-12 07:13:36,7.506,69.0,,16.0,4560.23,797.8,134.0
2021-03-12 07:13:37,7.41,67.0,,16.0,4568.13,797.8,135.0
2021-03-12 07:13:38,7.459,67.0,,16.0,4575.73,797.8,128.0
2021-03-12 07:13:39,7.644,67.0,,16.0,4583.22,797.8,136.0
2021-03-12 07:13:40,7.625,68.0,,16.0,4590.93,797.8,161.0
2021-03-12 07:13:41,7.604,68.0,,16.0,4598.67,797.5999999999999,111.0
2021-03-12 07:13:42,7.586,68.0,,16.0,4606.41,797.5999999999999,126.0
2021-03-12 07:13:43,7.611,67.0,,16.0,4614.21,797.8,131.0
2021-03-12 07:13:44,7.56,68.0,,16.0,4621.79,797.8,111.0
2021-03-12 07:13:45,7.342,67.0,,16.0,4629.35,797.5999999999999,125.0
2021-03-12 07:13:46,7.168,62.0,,16.0,4636.72,797.8,30.0
2021-03-12 07:13:47,7.104,54.0,,16.0,4643.54,797.8,3.0
2021-03-12 07:13:48,7.15,61.0,,16.0,4650.83,797.8,9.0
2021-03-12 07:13:49,6.593,62.0,,16.0,4657.78,797.8,9.0
2021-03-12 07:13:50,6.492,61.0,,16.0,4664.24,797.8,26.0
2021-03-12 07:13:51,5.551,58.0,,16.0,4669.96,797.8,21.0
2021-03-12 07:13:52,4.43,52.0,,16.0,4674.74,797.8,17.0
2021-03-12 07:13:53,3.04,43.0,,16.0,4678.1,797.8,15.0
2021-03-12 07:13:54,1.54,31.0,,16.0,4680.08,797.8,11.0
2021-03-12 07:14:00,2.457,16.0,,16.0,4680.49,797.8,73.0
2021-03-12 07:14:01,2.886,20.0,,16.0,4683.59,797.8,97.0
2021-03-12 07:14:02,3.378,24.0,,16.0,4687.1,797.5999999999999,109.0
2021-03-12 07:14:03,3.658,28.0,,16.0,4690.67,797.5999999999999,117.0
2021-03-12 07:14:04,4.003,31.0,,16.0,4694.73,797.4000000000001,134.0
2021-03-12 07:14:05,4.268,33.0,,16.0,4698.85,797.4000000000001,157.0
2021-03-12 07:14:06,4.349,38.0,,16.0,4703.19,797.2,188.0
2021-03-12 07:14:07,4.79,41.0,,16.0,4707.82,797.0,182.0
2021-03-12 07:14:08,4.102,43.0,,16.0,4712.21,797.0,156.0
2021-03-12 07:14:09,4.243,45.0,,16.0,4716.65,797.0,149.0
2021-03-12 07:14:10,5.107,47.0,,16.0,4721.65,797.0,167.0
2021-03-12 07:14:11,5.606,48.0,,16.0,4727.29,796.8,165.0
2021-03-12 07:14:12,5.713,50.0,,16.0,4733.27,796.8,155.0
2021-03-12 07:14:13,5.85,51.0,,16.0,4739.17,796.8,150.0
2021-03-12 07:14:14,5.992,53.0,,16.0,4745.1,796.8,147.0
2021-03-12 07:14:15,6.166,54.0,,16.0,4751.28,796.8,144.0
2021-03-12 07:14:16,6.143,55.0,,16.0,4757.69,796.5999999999999,110.0
2021-03-12 07:14:17,6.05,56.0,,16.0,4763.83,796.5999999999999,102.0
2021-03-12 07:14:18,6.241,56.0,,16.0,4770.12,796.5999999999999,71.0
2021-03-12 07:14:19,6.393,56.0,,16.0,4776.45,796.8,136.0
2021-03-12 07:14:20,6.507,57.0,,16.0,4782.81,796.8,109.0
2021-03-12 07:14:21,6.696,57.0,,16.0,4789.64,796.8,153.0
2021-03-12 07:14:22,6.732,59.0,,16.0,4796.29,796.8,172.0
2021-03-12 07:14:23,6.889,60.0,,16.0,4803.18,796.8,171.0
2021-03-12 07:14:24,7.117,62.0,,16.0,4810.37,796.8,210.0
2021-03-12 07:14:25,7.374,65.0,,16.0,4817.58,796.8,232.0
2021-03-12 07:14:26,7.565,67.0,,16.0,4825.25,796.8,222.0
2021-03-12 07:14:27,7.601,68.0,,16.0,4832.91,796.8,191.0
2021-03-12 07:14:28,7.807,68.0,,16.0,4840.74,796.8,175.0
2021-03-12 07:14:29,7.942,68.0,,16.0,4848.7,796.8,157.0
2021-03-12 07:14:30,7.842,69.0,,16.0,4856.64,796.8,147.0
2021-03-12 07:14:31,7.752,69.0,,16.0,4864.59,796.8,138.0
2021-03-12 07:14:32,7.721,69.0,,16.0,4872.37,796.8,124.0
2021-03-12 07:14:33,7.548,70.0,,16.0,4880.08,796.8,141.0
2021-03-12 07:14:34,7.777,70.0,,16.0,4887.67,796.8,156.0
2021-03-12 07:14:35,7.68,70.0,,16.0,4895.31,797.0,135.0
2021-03-12 07:14:36,7.713,70.0,,16.0,4903.26,797.0,137.0
2021-03-12 07:14:37,7.825,70.0,,16.0,4911.59,797.2,150.0
2021-03-12 07:14:38,7.894,70.0,,16.0,4919.55,797.2,158.0
2021-03-12 07:14:39,7.789,70.0,,16.0,4927.28,797.2,140.0
2021-03-12 07:14:40,7.722,70.0,,16.0,4934.77,797.4000000000001,142.0
2021-03-12 07:14:41,7.44,70.0,,16.0,4942.42,797.4000000000001,213.0
2021-03-12 07:14:42,7.5,70.0,,16.0,4949.77,797.4000000000001,268.0
2021-03-12 07:14:43,8.129,70.0,,16.0,4957.49,797.4000000000001,337.0
2021-03-12 07:14:44,8.137,72.0,,16.0,4965.51,797.5999999999999,212.0
2021-03-12 07:14:45,8.213,73.0,,16.0,4973.74,797.5999999999999,207.0
2021-03-12 07:14:46,8.251,73.0,,16.0,4982.04,797.5999999999999,246.0
2021-03-12 07:14:47,8.577,73.0,,16.0,4990.49,797.5999999999999,209.0
2021-03-12 07:14:48,8.101,73.0,,16.0,4998.94,797.5999999999999,184.0
2021-03-12 07:14:49,8.024,73.0,,16.0,5007.18,797.5999999999999,207.0
2021-03-12 07:14:50,8.053,73.0,,16.0,5015.35,797.5999999999999,198.0
2021-03-12 07:14:51,8.022,72.0,,16.0,5023.62,797.5999999999999,204.0
2021-03-12 07:14:52,7.998,72.0,,16.0,5031.75,797.5999999999999,204.0
2021-03-12 07:14:53,7.865,71.0,,16.0,5039.91,797.5999999999999,207.0
2021-03-12 07:14:54,7.831,71.0,,16.0,5047.97,797.5999999999999,213.0
2021-03-12 07:14:55,7.778,71.0,,16.0,5055.76,797.5999999999999,252.0
2021-03-12 07:14:56,7.969,72.0,,16.0,5063.78,797.5999999999999,304.0
2021-03-12 07:14:57,7.975,71.0,,16.0,5071.88,797.8,306.0
2021-03-12 07:14:58,7.958,72.0,,16.0,5080.02,797.8,211.0
2021-03-12 07:14:59,7.966,72.0,,16.0,5088.14,797.8,133.0
2021-03-12 07:15:00,7.946,71.0,,16.0,5096.06,798.0,113.0
2021-03-12 07:15:01,7.834,70.0,,16.0,5104.06,798.0,120.0
2021-03-12 07:15:02,7.855,70.0,,16.0,5111.97,798.2,147.0
2021-03-12 07:15:03,7.862,70.0,,16.0,5119.69,798.2,123.0
2021-03-12 07:15:04,7.865,70.0,,16.0,5127.71,798.2,136.0
2021-03-12 07:15:05,8.0,71.0,,16.0,5135.57,798.4000000000001,133.0
2021-03-12 07:15:06,8.116,73.0,,16.0,5143.54,798.4000000000001,156.0
2021-03-12 07:15:07,7.97,74.0,,16.0,5151.62,798.5999999999999,185.0
2021-03-12 07:15:08,8.075,76.0,,16.0,5159.74,798.8,140.0
2021-03-12 07:15:09,8.649,75.0,,16.0,5168.01,799.0,117.0
2021-03-12 07:15:10,8.864,73.0,,16.0,5176.65,799.0,109.0
2021-03-12 07:15:11,8.908,74.0,,16.0,5185.31,799.2,89.0
2021-03-12 07:15:12,8.673,74.0,,16.0,5194.5,799.4000000000001,103.0
2021-03-12 07:15:13,8.822,74.0,,16.0,5203.43,799.4000000000001,143.0
2021-03-12 07:15:14,8.912,74.0,,16.0,5212.73,799.4000000000001,193.0
2021-03-12 07:15:15,7.923,73.0,,16.0,5221.72,799.5999999999999,125.0
2021-03-12 07:15:16,7.686,62.0,,16.0,5230.03,799.5999999999999,110.0
2021-03-12 07:15:17,7.349,50.0,,16.0,5237.95,799.8,74.0
2021-03-12 07:15:18,5.638,37.0,,16.0,5244.33,799.8,38.0
2021-03-12 07:15:19,4.445,28.0,,16.0,5249.15,800.0,42.0
2021-03-12 07:15:20,4.564,31.0,,16.0,5253.82,800.0,169.0
2021-03-12 07:15:21,5.233,40.0,,16.0,5258.92,800.2,212.0
2021-03-12 07:15:22,5.464,44.0,,16.0,5264.24,800.2,188.0
2021-03-12 07:15:23,5.532,46.0,,16.0,5269.67,800.4000000000001,160.0
2021-03-12 07:15:24,5.904,48.0,,16.0,5275.04,800.4000000000001,149.0
2021-03-12 07:15:25,5.874,50.0,,16.0,5280.4,800.5999999999999,132.0
2021-03-12 07:15:26,5.579,52.0,,16.0,5285.84,800.5999999999999,139.0
2021-03-12 07:15:27,5.931,55.0,,16.0,5291.76,800.8,146.0
2021-03-12 07:15:28,5.926,57.0,,16.0,5297.96,800.8,154.0
2021-03-12 07:15:29,6.424,58.0,,16.0,5304.37,801.0,124.0
2021-03-12 07:15:30,6.483,59.0,,16.0,5310.88,801.2,111.0
2021-03-12 07:15:31,6.622,60.0,,16.0,5317.6,801.2,112.0
2021-03-12 07:15:32,6.3,60.0,,16.0,5323.83,801.4000000000001,130.0
2021-03-12 07:15:33,6.359,60.0,,16.0,5330.05,801.5999999999999,122.0
2021-03-12 07:15:34,6.674,61.0,,16.0,5336.73,801.5999999999999,125.0
2021-03-12 07:15:35,6.642,62.0,,16.0,5343.59,801.5999999999999,110.0
2021-03-12 07:15:36,6.568,62.0,,16.0,5350.6,801.8,100.0
2021-03-12 07:15:37,6.596,62.0,,15.0,5357.35,801.8,106.0
2021-03-12 07:15:38,6.752,62.0,,15.0,5364.01,801.8,111.0
2021-03-12 07:15:39,6.837,63.0,,15.0,5370.81,801.8,123.0
2021-03-12 07:15:40,6.85,63.0,,15.0,5376.84,801.8,125.0
2021-03-12 07:15:41,6.896,63.0,,15.0,5385.32,802.0,107.0
2021-03-12 07:15:42,7.049,63.0,,15.0,5392.4,802.0,114.0
2021-03-12 07:15:43,7.192,64.0,,15.0,5399.58,802.0,111.0
2021-03-12 07:15:44,7.196,64.0,,15.0,5406.83,802.0,111.0
2021-03-12 07:15:45,7.144,64.0,,15.0,5414.05,802.0,100.0
2021-03-12 07:15:46,7.043,64.0,,15.0,5421.25,802.0,101.0
2021-03-12 07:15:47,7.332,65.0,,15.0,5428.66,802.0,104.0
2021-03-12 07:15:48,7.169,65.0,,15.0,5435.92,802.0,102.0
2021-03-12 07:15:49,7.569,66.0,,15.0,5443.42,802.2,106.0
2021-03-12 07:15:50,7.532,66.0,,15.0,5450.97,802.2,102.0
2021-03-12 07:15:51,7.548,67.0,,15.0,5458.58,802.2,104.0
2021-03-12 07:15:52,7.796,68.0,,15.0,5466.33,802.2,97.0
2021-03-12 07:15:53,7.988,68.0,,15.0,5474.03,802.4000000000001,101.0
2021-03-12 07:15:54,7.947,68.0,,15.0,5481.79,802.4000000000001,106.0
2021-03-12 07:15:55,7.726,68.0,,15.0,5489.41,802.4000000000001,88.0
2021-03-12 07:15:56,7.666,69.0,,15.0,5497.0,802.5999999999999,88.0
2021-03-12 07:15:57,7.473,69.0,,15.0,5504.44,802.5999999999999,79.0
2021-03-12 07:15:58,7.754,69.0,,15.0,5512.1,802.5999999999999,65.0
2021-03-12 07:15:59,8.319,69.0,,15.0,5520.21,802.5999999999999,86.0
2021-03-12 07:16:00,7.613,69.0,,15.0,5527.79,802.5999999999999,89.0
2021-03-12 07:16:01,7.759,70.0,,15.0,5535.45,802.5999999999999,88.0
2021-03-12 07:16:02,8.157,70.0,,15.0,5543.38,802.5999999999999,79.0
2021-03-12 07:16:03,7.775,70.0,,15.0,5551.33,802.5999999999999,68.0
2021-03-12 07:16:04,7.773,70.0,,15.0,5559.07,802.5999999999999,55.0
2021-03-12 07:16:05,7.752,70.0,,15.0,5566.71,802.8,65.0
2021-03-12 07:16:06,7.79,70.0,,15.0,5574.43,802.8,69.0
2021-03-12 07:16:07,7.77,70.0,,15.0,5582.13,802.8,65.0
2021-03-12 07:16:08,7.475,70.0,,15.0,5589.19,803.0,93.0
2021-03-12 07:16:09,7.689,71.0,,15.0,5596.92,803.0,92.0
2021-03-12 07:16:10,7.51,71.0,,15.0,5604.66,803.0,86.0
2021-03-12 07:16:11,7.607,71.0,,15.0,5612.33,803.0,90.0
2021-03-12 07:16:12,7.613,70.0,,15.0,5620.45,803.0,91.0
2021-03-12 07:16:13,7.675,71.0,,15.0,5628.27,803.0,96.0
2021-03-12 07:16:14,7.943,69.0,,15.0,5636.45,803.0,98.0
2021-03-12 07:16:15,7.879,67.0,,15.0,5644.61,803.0,91.0
2021-03-12 07:16:16,8.034,67.0,,15.0,5652.8,803.2,103.0
2021-03-12 07:16:17,8.01,68.0,,15.0,5661.56,803.2,104.0
2021-03-12 07:16:18,7.915,68.0,,15.0,5669.97,803.2,60.0
2021-03-12 07:16:19,7.965,67.0,,15.0,5678.47,803.2,74.0
2021-03-12 07:16:20,7.733,67.0,,15.0,5686.66,803.2,66.0
2021-03-12 07:16:21,7.472,64.0,,15.0,5694.73,803.2,102.0
2021-03-12 07:16:22,7.174,61.0,,15.0,5702.28,803.4000000000001,193.0
2021-03-12 07:16:23,7.311,62.0,,15.0,5709.71,803.4000000000001,154.0
2021-03-12 07:16:24,7.404,63.0,,15.0,5717.1,803.4000000000001,85.0
2021-03-12 07:16:25,7.452,63.0,,15.0,5724.62,803.4000000000001,46.0
2021-03-12 07:16:26,7.257,63.0,,15.0,5732.3,803.5999999999999,45.0
2021-03-12 07:16:27,7.25,54.0,,15.0,5739.71,803.5999999999999,38.0
2021-03-12 07:16:28,7.356,38.0,,15.0,5747.17,803.5999999999999,27.0
2021-03-12 07:16:29,7.035,22.0,,15.0,5754.61,803.5999999999999,16.0
2021-03-12 07:16:30,7.162,6.0,,15.0,5761.84,803.5999999999999,5.0
2021-03-12 07:16:31,6.882,0.0,,15.0,5769.1,803.8,0.0
2021-03-12 07:16:32,6.678,0.0,,15.0,5776.25,803.8,0.0
2021-03-12 07:16:33,6.684,0.0,,15.0,5783.51,803.8,0.0
2021-03-12 07:16:34,6.636,0.0,,15.0,5790.31,803.8,0.0
2021-03-12 07:16:35,6.277,0.0,,15.0,5796.97,803.8,0.0
2021-03-12 07:16:36,6.106,0.0,,15.0,5803.3,803.8,0.0
2021-03-12 07:16:37,6.118,0.0,,15.0,5809.64,803.8,0.0
2021-03-12 07:16:38,6.166,0.0,,15.0,5815.7,803.8,0.0
2021-03-12 07:16:39,5.91,0.0,,15.0,5821.79,803.8,0.0
2021-03-12 07:16:40,5.605,0.0,,15.0,5827.27,803.8,0.0
2021-03-12 07:16:41,5.401,0.0,,15.0,5832.72,803.8,0.0
2021-03-12 07:16:42,5.686,0.0,,15.0,5838.2,803.8,0.0
2021-03-12 07:16:43,5.407,0.0,,15.0,5843.4,803.8,0.0
2021-03-12 07:16:44,5.154,0.0,,15.0,5848.71,803.8,0.0
2021-03-12 07:16:45,5.132,0.0,,15.0,5853.67,803.5999999999999,0.0
2021-03-12 07:16:46,5.183,0.0,,15.0,5858.75,803.5999999999999,0.0
2021-03-12 07:16:47,5.572,0.0,,15.0,5864.3,803.5999999999999,0.0
2021-03-12 07:16:48,5.04,0.0,,15.0,5869.45,803.5999999999999,0.0
2021-03-12 07:16:49,4.729,35.0,,15.0,5874.23,803.5999999999999,21.0
2021-03-12 07:16:50,4.889,42.0,,15.0,5879.09,803.5999999999999,32.0
2021-03-12 07:16:51,4.926,43.0,,15.0,5884.13,803.4000000000001,22.0
2021-03-12 07:16:52,5.305,44.0,,15.0,5889.52,803.4000000000001,14.0
2021-03-12 07:16:53,5.081,45.0,,15.0,5894.69,803.4000000000001,25.0
2021-03-12 07:16:54,5.225,44.0,,15.0,5900.06,803.2,90.0
2021-03-12 07:16:55,5.554,45.0,,15.0,5905.88,803.2,123.0
2021-03-12 07:16:56,5.567,47.0,,15.0,5911.84,803.2,120.0
2021-03-12 07:16:57,5.427,50.0,,15.0,5917.69,803.0,120.0
2021-03-12 07:16:58,5.428,53.0,,15.0,5923.16,803.0,154.0
2021-03-12 07:16:59,5.561,56.0,,15.0,5928.86,802.8,129.0
2021-03-12 07:17:00,5.243,56.0,,15.0,5934.17,802.8,109.0
2021-03-12 07:17:01,5.02,56.0,,15.0,5939.36,802.5999999999999,134.0
2021-03-12 07:17:02,5.239,56.0,,15.0,5944.27,802.8,139.0
2021-03-12 07:17:03,5.442,58.0,,15.0,5949.39,802.8,121.0
2021-03-12 07:17:04,5.952,60.0,,15.0,5955.32,802.8,103.0
2021-03-12 07:17:05,6.633,62.0,,15.0,5961.85,802.8,85.0
2021-03-12 07:17:06,6.631,65.0,,15.0,5968.7,802.5999999999999,71.0
2021-03-12 07:17:07,6.609,67.0,,15.0,5975.77,802.5999999999999,59.0
2021-03-12 07:17:08,6.615,62.0,,15.0,5982.84,802.5999999999999,34.0
2021-03-12 07:17:09,6.607,48.0,,15.0,5989.95,802.5999999999999,22.0
2021-03-12 07:17:10,6.699,33.0,,15.0,5996.91,802.5999999999999,11.0
2021-03-12 07:17:11,6.711,45.0,,15.0,6004.11,802.4000000000001,58.0
2021-03-12 07:17:12,6.642,61.0,,15.0,6011.04,802.4000000000001,42.0
2021-03-12 07:17:13,6.285,66.0,,15.0,6017.84,802.2,51.0
2021-03-12 07:17:14,6.19,61.0,,15.0,6024.34,802.2,149.0
2021-03-12 07:17:15,6.35,63.0,,15.0,6030.82,802.0,224.0
2021-03-12 07:17:16,6.507,65.0,,15.0,6037.4,801.8,185.0
2021-03-12 07:17:17,6.748,66.0,,15.0,6044.45,801.8,191.0
2021-03-12 07:17:18,6.813,68.0,,15.0,6051.59,801.5999999999999,186.0
2021-03-12 07:17:19,7.008,69.0,,15.0,6058.74,801.5999999999999,149.0
2021-03-12 07:17:20,6.922,70.0,,15.0,6065.85,801.4000000000001,142.0
2021-03-12 07:17:21,7.019,71.0,,15.0,6073.04,801.4000000000001,119.0
2021-03-12 07:17:22,7.014,71.0,,15.0,6080.1,801.2,123.0
2021-03-12 07:17:23,7.047,72.0,,15.0,6087.26,801.2,126.0
2021-03-12 07:17:24,7.14,72.0,,15.0,6094.51,801.0,140.0
2021-03-12 07:17:25,7.187,71.0,,15.0,6101.63,801.0,150.0
2021-03-12 07:17:26,7.327,68.0,,15.0,6109.38,801.0,179.0
2021-03-12 07:17:27,7.426,66.0,,15.0,6116.68,800.8,170.0
2021-03-12 07:17:28,7.446,67.0,,15.0,6124.2,800.8,165.0
2021-03-12 07:17:29,7.483,67.0,,15.0,6131.82,800.5999999999999,156.0
2021-03-12 07:17:30,7.551,67.0,,15.0,6139.38,800.5999999999999,136.0
2021-03-12 07:17:31,7.54,67.0,,15.0,6146.77,800.4000000000001,127.0
2021-03-12 07:17:32,7.566,68.0,,15.0,6154.5,800.4000000000001,132.0
2021-03-12 07:17:33,7.637,68.0,,15.0,6162.27,800.2,134.0
2021-03-12 07:17:34,7.607,68.0,,15.0,6169.88,800.2,145.0
2021-03-12 07:17:35,7.597,68.0,,15.0,6177.34,800.0,145.0
2021-03-12 07:17:36,7.607,68.0,,15.0,6184.85,799.8,142.0
2021-03-12 07:17:37,7.735,68.0,,15.0,6192.35,799.8,131.0
2021-03-12 07:17:38,7.865,68.0,,15.0,6200.07,799.8,120.0
2021-03-12 07:17:39,7.625,68.0,,15.0,6207.84,799.5999999999999,107.0
2021-03-12 07:17:40,7.517,69.0,,15.0,6215.35,799.5999999999999,99.0
2021-03-12 07:17:41,7.561,69.0,,15.0,6222.84,799.5999999999999,101.0
2021-03-12 07:17:42,7.72,69.0,,15.0,6230.82,799.5999999999999,144.0
2021-03-12 07:17:43,7.701,69.0,,15.0,6238.64,799.4000000000001,123.0
2021-03-12 07:17:44,7.7,69.0,,15.0,6246.73,799.2,126.0
2021-03-12 07:17:45,7.788,69.0,,15.0,6254.51,799.2,141.0
2021-03-12 07:17:46,7.79,70.0,,15.0,6262.31,799.2,103.0
2021-03-12 07:17:47,7.791,70.0,,15.0,6270.05,799.2,124.0
2021-03-12 07:17:48,7.796,70.0,,15.0,6277.74,799.2,122.0
2021-03-12 07:17:49,7.764,70.0,,15.0,6285.41,799.2,112.0
2021-03-12 07:17:50,7.528,70.0,,15.0,6292.96,799.2,108.0
2021-03-12 07:17:51,7.758,70.0,,15.0,6300.73,799.2,128.0
2021-03-12 07:17:52,7.949,70.0,,15.0,6308.69,799.2,123.0
2021-03-12 07:17:53,7.937,70.0,,15.0,6316.68,799.2,108.0
2021-03-12 07:17:54,7.951,71.0,,15.0,6324.79,799.4000000000001,133.0
2021-03-12 07:17:55,7.968,71.0,,15.0,6332.85,799.4000000000001,136.0
2021-03-12 07:17:56,8.016,72.0,,15.0,6341.11,799.4000000000001,128.0
2021-03-12 07:17:57,8.141,72.0,,15.0,6349.65,799.4000000000001,124.0
2021-03-12 07:17:58,7.971,71.0,,15.0,6357.75,799.4000000000001,101.0
2021-03-12 07:17:59,7.93,72.0,,15.0,6365.64,799.4000000000001,94.0
2021-03-12 07:18:00,7.868,71.0,,15.0,6373.61,799.4000000000001,111.0
2021-03-12 07:18:01,8.003,71.0,,15.0,6381.48,799.2,114.0
2021-03-12 07:18:02,8.24,71.0,,15.0,6389.42,799.2,93.0
2021-03-12 07:18:03,7.873,70.0,,15.0,6397.39,799.2,104.0
2021-03-12 07:18:04,7.53,70.0,,15.0,6404.97,799.0,111.0
2021-03-12 07:18:05,7.547,70.0,,15.0,6412.53,799.0,108.0
2021-03-12 07:18:06,7.575,70.0,,15.0,6420.06,799.0,112.0
2021-03-12 07:18:07,7.576,70.0,,15.0,6427.73,799.0,98.0
2021-03-12 07:18:08,7.415,70.0,,15.0,6435.2,799.0,104.0
2021-03-12 07:18:09,7.561,70.0,,15.0,6442.7,799.0,122.0
2021-03-12 07:18:10,7.665,69.0,,15.0,6450.52,798.8,127.0
2021-03-12 07:18:11,7.626,69.0,,15.0,6458.06,798.8,132.0
2021-03-12 07:18:12,7.39,69.0,,15.0,6465.64,798.8,128.0
2021-03-12 07:18:13,7.361,69.0,,15.0,6472.99,798.8,107.0
2021-03-12 07:18:14,7.222,68.0,,15.0,6480.33,798.8,66.0
2021-03-12 07:18:15,7.102,67.0,,15.0,6487.31,798.8,62.0
2021-03-12 07:18:16,7.236,67.0,,15.0,6494.35,798.8,70.0
2021-03-12 07:18:17,7.598,66.0,,15.0,6501.42,798.8,83.0
2021-03-12 07:18:18,7.515,66.0,,15.0,6508.98,798.8,88.0
2021-03-12 07:18:19,6.882,66.0,,15.0,6516.18,799.0,53.0
2021-03-12 07:18:20,5.642,62.0,,15.0,6522.63,799.0,32.0
2021-03-12 07:18:21,4.974,52.0,,15.0,6528.2,799.0,48.0
2021-03-12 07:18:22,4.49,45.0,,15.0,6533.27,799.0,52.0
2021-03-12 07:18:23,3.346,43.0,,15.0,6537.54,799.2,38.0
2021-03-12 07:18:24,1.656,32.0,,15.0,6540.15,799.2,28.0
2021-03-12 07:18:45,1.366,0.0,,15.0,6540.46,799.4000000000001,0.0
2021-03-12 07:18:46,2.027,0.0,,15.0,6542.98,799.4000000000001,0.0
2021-03-12 07:18:47,2.562,0.0,,15.0,6545.31,799.2,0.0
2021-03-12 07:18:48,3.243,25.0,,15.0,6548.32,799.2,128.0
2021-03-12 07:18:49,3.936,29.0,,15.0,6551.96,799.0,142.0
2021-03-12 07:18:50,4.485,32.0,,15.0,6556.09,798.8,155.0
2021-03-12 07:18:51,4.722,42.0,,15.0,6560.65,798.5999999999999,140.0
2021-03-12 07:18:52,5.005,47.0,,15.0,6565.78,798.4000000000001,141.0
2021-03-12 07:18:53,5.041,50.0,,15.0,6570.75,798.4000000000001,138.0
2021-03-12 07:18:54,5.302,52.0,,15.0,6575.87,798.2,135.0
2021-03-12 07:18:55,5.639,55.0,,15.0,6581.65,798.2,152.0
2021-03-12 07:18:56,5.9,57.0,,15.0,6587.56,798.2,159.0
2021-03-12 07:18:57,6.014,60.0,,15.0,6593.44,798.0,139.0
2021-03-12 07:18:58,6.181,61.0,,15.0,6599.59,798.2,127.0
2021-03-12 07:18:59,6.275,62.0,,15.0,6605.97,798.2,124.0
2021-03-12 07:19:00,6.288,64.0,,15.0,6612.25,798.2,129.0
2021-03-12 07:19:01,6.366,65.0,,15.0,6618.73,798.2,141.0
2021-03-12 07:19:02,6.403,66.0,,15.0,6625.05,798.2,142.0
2021-03-12 07:19:03,6.432,67.0,,15.0,6631.41,798.2,124.0
2021-03-12 07:19:04,6.478,67.0,,15.0,6637.83,798.4000000000001,116.0
2021-03-12 07:19:05,6.694,68.0,,15.0,6644.61,798.4000000000001,108.0
2021-03-12 07:19:06,6.7,68.0,,15.0,6651.37,798.4000000000001,114.0
2021-03-12 07:19:07,6.791,69.0,,15.0,6658.17,798.5999999999999,123.0
2021-03-12 07:19:08,6.781,70.0,,15.0,6665.2,798.5999999999999,129.0
2021-03-12 07:19:09,6.92,70.0,,15.0,6672.3,798.8,137.0
2021-03-12 07:19:10,7.155,71.0,,15.0,6679.33,798.8,140.0
2021-03-12 07:19:11,6.923,71.0,,15.0,6686.33,799.0,133.0
2021-03-12 07:19:12,7.051,72.0,,15.0,6693.47,799.0,127.0
2021-03-12 07:19:13,7.054,72.0,,15.0,6700.61,799.2,122.0
2021-03-12 07:19:14,7.036,72.0,,15.0,6707.35,799.2,113.0
2021-03-12 07:19:15,7.023,72.0,,15.0,6714.21,799.4000000000001,114.0
2021-03-12 07:19:16,6.902,72.0,,15.0,6721.19,799.4000000000001,113.0
2021-03-12 07:19:17,6.758,71.0,,15.0,6727.88,799.5999999999999,106.0
2021-03-12 07:19:18,7.013,71.0,,15.0,6734.91,799.8,105.0
2021-03-12 07:19:19,6.92,71.0,,15.0,6741.87,799.8,113.0
2021-03-12 07:19:20,6.843,72.0,,15.0,6748.84,800.0,122.0
2021-03-12 07:19:21,7.052,72.0,,15.0,6756.18,800.2,103.0
2021-03-12 07:19:22,6.99,72.0,,15.0,6762.95,800.2,94.0
2021-03-12 07:19:23,6.813,72.0,,15.0,6769.64,800.2,81.0
2021-03-12 07:19:24,6.959,70.0,,15.0,6776.16,800.4000000000001,75.0
2021-03-12 07:19:25,6.753,55.0,,15.0,6782.7,800.4000000000001,65.0
2021-03-12 07:19:26,6.759,58.0,,15.0,6789.57,800.5999999999999,96.0
2021-03-12 07:19:27,6.82,70.0,,15.0,6796.43,800.5999999999999,119.0
2021-03-12 07:19:28,7.034,70.0,,15.0,6803.37,800.5999999999999,112.0
2021-03-12 07:19:29,6.88,70.0,,15.0,6810.45,800.8,113.0
2021-03-12 07:19:30,6.597,70.0,,15.0,6817.65,800.8,99.0
2021-03-12 07:19:31,6.739,70.0,,15.0,6824.57,800.8,90.0
2021-03-12 07:19:32,6.819,69.0,,15.0,6831.6,801.0,83.0
2021-03-12 07:19:33,6.704,68.0,,15.0,6838.57,801.0,84.0
2021-03-12 07:19:34,6.574,68.0,,15.0,6845.28,801.0,76.0
2021-03-12 07:19:35,6.458,67.0,,15.0,6851.99,801.0,75.0
2021-03-12 07:19:36,6.567,66.0,,15.0,6858.42,801.2,138.0
2021-03-12 07:19:37,6.745,67.0,,15.0,6865.2,801.2,126.0
2021-03-12 07:19:38,6.439,67.0,,15.0,6871.84,801.4000000000001,113.0
2021-03-12 07:19:39,6.43,66.0,,15.0,6878.17,801.4000000000001,108.0
2021-03-12 07:19:40,6.531,66.0,,15.0,6884.61,801.4000000000001,104.0
2021-03-12 07:19:41,6.61,66.0,,15.0,6891.36,801.5999999999999,104.0
2021-03-12 07:19:42,6.428,65.0,,15.0,6897.96,801.5999999999999,93.0
2021-03-12 07:19:43,6.43,57.0,,15.0,6904.43,801.5999999999999,73.0
2021-03-12 07:19:44,6.2,42.0,,15.0,6910.6,801.8,54.0
2021-03-12 07:19:45,5.928,28.0,,15.0,6916.79,801.8,36.0
2021-03-12 07:19:46,5.892,13.0,,15.0,6922.71,801.8,17.0
2021-03-12 07:19:47,5.738,0.0,,15.0,6928.59,801.8,0.0
2021-03-12 07:19:48,5.41,0.0,,15.0,6934.14,801.8,0.0
2021-03-12 07:19:49,5.069,0.0,,15.0,6939.47,801.8,0.0
2021-03-12 07:19:50,5.017,0.0,,15.0,6944.61,801.8,0.0
2021-03-12 07:19:51,4.829,0.0,,15.0,6949.83,801.8,0.0
2021-03-12 07:19:52,4.87,0.0,,15.0,6954.93,802.0,0.0
2021-03-12 07:19:53,4.458,0.0,,15.0,6959.74,802.0,0.0
2021-03-12 07:19:54,3.872,0.0,,15.0,6964.12,802.0,0.0
2021-03-12 07:19:55,3.513,0.0,,15.0,6968.0,802.0,0.0
2021-03-12 07:19:56,3.23,0.0,,15.0,6971.56,802.0,0.0
2021-03-12 07:19:57,3.175,0.0,,15.0,6975.04,802.0,0.0
2021-03-12 07:19:58,2.926,0.0,,15.0,6978.11,802.0,0.0
2021-03-12 07:19:59,2.23,0.0,,15.0,6980.66,802.0,0.0
2021-03-12 07:20:00,1.905,0.0,,15.0,6982.83,802.0,0.0
2021-03-12 07:20:01,1.397,0.0,,15.0,6984.66,802.0,0.0
2021-03-12 07:20:02,1.585,0.0,,15.0,6986.1,801.8,0.0
2021-03-12 07:20:03,1.719,0.0,,15.0,6987.84,801.8,0.0
2021-03-12 07:20:04,1.759,0.0,,15.0,6989.65,801.8,0.0
2021-03-12 07:20:05,1.986,0.0,,15.0,6991.72,801.8,0.0
2021-03-12 07:20:06,2.097,0.0,,15.0,6993.85,801.5999999999999,0.0
2021-03-12 07:20:07,2.438,23.0,,15.0,6996.4,801.5999999999999,107.0
2021-03-12 07:20:08,2.921,26.0,,15.0,6999.49,801.5999999999999,144.0
2021-03-12 07:20:09,3.384,30.0,,15.0,7003.02,801.5999999999999,173.0
2021-03-12 07:20:10,3.65,34.0,,15.0,7006.75,801.5999999999999,187.0
2021-03-12 07:20:11,4.035,38.0,,15.0,7010.92,801.4000000000001,209.0
2021-03-12 07:20:12,4.521,43.0,,15.0,7015.62,801.4000000000001,244.0
2021-03-12 07:20:13,5.102,47.0,,15.0,7020.86,801.4000000000001,291.0
2021-03-12 07:20:14,5.531,52.0,,15.0,7026.26,801.2,285.0
2021-03-12 07:20:15,5.555,55.0,,15.0,7031.99,801.2,273.0
2021-03-12 07:20:16,5.573,58.0,,15.0,7037.58,801.2,223.0
2021-03-12 07:20:17,5.844,60.0,,15.0,7043.58,801.2,191.0
2021-03-12 07:20:18,6.231,61.0,,15.0,7049.99,801.2,165.0
2021-03-12 07:20:19,6.263,62.0,,15.0,7056.51,801.2,158.0
2021-03-12 07:20:20,6.294,65.0,,15.0,7063.0,801.2,139.0
2021-03-12 07:20:21,6.39,67.0,,15.0,7069.41,801.2,151.0
2021-03-12 07:20:22,6.959,71.0,,15.0,7076.33,801.2,144.0
2021-03-12 07:20:23,7.288,73.0,,15.0,7083.9,801.2,132.0
2021-03-12 07:20:24,7.701,75.0,,15.0,7091.57,801.2,137.0
2021-03-12 07:20:25,7.563,76.0,,15.0,7099.5,801.2,155.0
2021-03-12 07:20:26,7.716,77.0,,15.0,7107.12,801.2,165.0
2021-03-12 07:20:27,7.701,75.0,,15.0,7115.35,801.4000000000001,138.0
2021-03-12 07:20:28,7.738,71.0,,15.0,7122.98,801.4000000000001,140.0
2021-03-12 07:20:29,7.841,72.0,,15.0,7131.01,801.4000000000001,139.0
2021-03-12 07:20:30,7.911,72.0,,15.0,7139.0,801.2,133.0
2021-03-12 07:20:31,7.886,72.0,,15.0,7147.16,801.2,168.0
2021-03-12 07:20:32,7.876,72.0,,15.0,7155.48,801.0,157.0
2021-03-12 07:20:33,7.762,72.0,,15.0,7163.57,801.0,149.0
2021-03-12 07:20:34,8.008,73.0,,15.0,7171.84,801.0,147.0
2021-03-12 07:20:35,8.137,73.0,,15.0,7180.39,801.0,152.0
2021-03-12 07:20:36,8.131,73.0,,15.0,7188.71,801.0,151.0
2021-03-12 07:20:37,8.115,73.0,,15.0,7197.06,801.0,147.0
2021-03-12 07:20:38,8.221,74.0,,15.0,7205.59,800.8,136.0
2021-03-12 07:20:39,8.306,74.0,,15.0,7214.08,800.8,134.0
2021-03-12 07:20:40,8.294,74.0,,15.0,7222.55,800.8,133.0
2021-03-12 07:20:41,8.194,74.0,,15.0,7231.11,800.8,128.0
2021-03-12 07:20:42,8.22,74.0,,15.0,7239.26,801.0,119.0
2021-03-12 07:20:43,8.228,74.0,,15.0,7247.81,801.0,125.0
2021-03-12 07:20:44,8.098,74.0,,15.0,7256.08,801.0,117.0
2021-03-12 07:20:45,7.9,73.0,,15.0,7264.21,801.0,108.0
2021-03-12 07:20:46,8.157,73.0,,15.0,7272.21,801.0,120.0
2021-03-12 07:20:47,8.133,72.0,,15.0,7280.45,801.0,115.0
2021-03-12 07:20:48,7.927,72.0,,15.0,7288.42,801.0,119.0
2021-03-12 07:20:49,7.741,72.0,,15.0,7296.21,801.2,121.0
2021-03-12 07:20:50,7.549,71.0,,15.0,7304.04,801.2,135.0
2021-03-12 07:20:51,7.917,71.0,,15.0,7312.01,801.2,149.0
2021-03-12 07:20:52,7.943,71.0,,15.0,7320.1,801.2,140.0
2021-03-12 07:20:53,7.994,71.0,,15.0,7328.1,801.2,138.0
2021-03-12 07:20:54,7.788,71.0,,15.0,7336.11,801.2,149.0
2021-03-12 07:20:55,7.892,70.0,,15.0,7343.96,801.2,148.0
2021-03-12 07:20:56,7.772,70.0,,15.0,7351.7,801.2,128.0
2021-03-12 07:20:57,7.762,70.0,,15.0,7359.34,801.2,126.0
2021-03-12 07:20:58,7.82,70.0,,15.0,7367.19,801.4000000000001,121.0
2021-03-12 07:20:59,7.991,70.0,,15.0,7374.71,801.2,127.0
2021-03-12 07:21:00,7.791,69.0,,15.0,7382.82,801.2,129.0
2021-03-12 07:21:01,7.739,69.0,,15.0,7390.56,801.2,117.0
2021-03-12 07:21:02,7.506,68.0,,15.0,7398.06,801.2,105.0
2021-03-12 07:21:03,7.521,67.0,,15.0,7405.72,801.2,139.0
2021-03-12 07:21:04,7.478,67.0,,15.0,7413.32,801.2,134.0
2021-03-12 07:21:05,7.321,66.0,,15.0,7420.87,801.4000000000001,162.0
2021-03-12 07:21:06,7.096,65.0,,15.0,7428.11,801.4000000000001,148.0
2021-03-12 07:21:07,7.067,65.0,,15.0,7435.29,801.2,123.0
2021-03-12 07:21:08,7.099,64.0,,15.0,7442.31,801.2,122.0
2021-03-12 07:21:09,7.116,64.0,,15.0,7449.53,801.2,117.0
2021-03-12 07:21:10,7.021,63.0,,15.0,7456.55,801.2,123.0
2021-03-12 07:21:11,7.024,63.0,,15.0,7463.64,801.2,125.0
2021-03-12 07:21:12,6.988,63.0,,15.0,7470.64,801.2,127.0
2021-03-12 07:21:13,6.928,63.0,,15.0,7477.63,801.2,117.0
2021-03-12 07:21:14,7.125,64.0,,15.0,7484.47,801.2,106.0
2021-03-12 07:21:15,7.275,64.0,,15.0,7491.75,801.2,105.0
2021-03-12 07:21:16,7.269,64.0,,15.0,7498.93,801.2,103.0
2021-03-12 07:21:17,7.245,64.0,,15.0,7505.95,801.2,103.0
2021-03-12 07:21:18,7.243,65.0,,15.0,7512.96,801.2,111.0
2021-03-12 07:21:19,7.324,65.0,,15.0,7520.27,801.2,108.0
2021-03-12 07:21:20,7.324,65.0,,15.0,7527.65,801.0,114.0
2021-03-12 07:21:21,7.428,66.0,,15.0,7535.12,801.0,135.0
2021-03-12 07:21:22,7.441,67.0,,15.0,7542.45,801.0,134.0
2021-03-12 07:21:23,7.434,67.0,,15.0,7549.59,801.0,119.0
2021-03-12 07:21:24,7.573,68.0,,15.0,7557.06,801.0,150.0
2021-03-12 07:21:25,7.619,68.0,,15.0,7564.38,801.0,177.0
2021-03-12 07:21:26,7.861,69.0,,15.0,7572.47,801.0,180.0
2021-03-12 07:21:27,7.854,70.0,,15.0,7580.18,801.0,167.0
2021-03-12 07:21:28,7.827,71.0,,15.0,7588.01,801.0,174.0
2021-03-12 07:21:29,7.712,72.0,,15.0,7595.55,801.0,180.0
2021-03-12 07:21:30,8.229,72.0,,15.0,7603.43,801.0,157.0
2021-03-12 07:21:31,8.053,73.0,,15.0,7611.43,800.8,170.0
2021-03-12 07:21:32,8.05,74.0,,15.0,7619.55,800.8,135.0
2021-03-12 07:21:33,7.928,69.0,,15.0,7627.63,800.8,32.0
2021-03-12 07:21:34,7.181,51.0,,15.0,7634.99,800.8,23.0
2021-03-12 07:21:35,6.593,33.0,,15.0,7642.08,800.8,15.0
2021-03-12 07:21:36,6.438,14.0,,15.0,7648.52,800.8,7.0
2021-03-12 07:21:37,6.038,0.0,,15.0,7655.19,800.8,0.0
2021-03-12 07:21:38,5.596,0.0,,15.0,7661.07,801.0,0.0
2021-03-12 07:21:39,4.228,0.0,,15.0,7665.76,801.0,0.0
2021-03-12 07:21:40,3.414,0.0,,15.0,7669.61,801.0,0.0
2021-03-12 07:21:41,3.297,0.0,,15.0,7672.86,801.0,0.0
2021-03-12 07:21:42,2.474,0.0,,15.0,7675.36,801.0,0.0
2021-03-12 07:21:43,1.913,0.0,,15.0,7677.32,801.0,0.0
2021-03-12 07:21:44,1.262,0.0,,15.0,7678.76,801.0,0.0
2021-03-12 07:21:45,1.263,0.0,,15.0,7679.77,801.0,0.0
2021-03-12 07:23:15,1.5,0.0,,16.0,7680.01,800.8,0.0
2021-03-12 07:23:16,1.854,0.0,,16.0,7681.91,800.8,0.0
2021-03-12 07:23:17,2.367,0.0,,16.0,7684.05,800.5999999999999,0.0
2021-03-12 07:23:18,3.041,0.0,,16.0,7686.73,800.5999999999999,0.0
2021-03-12 07:23:19,3.416,1.0,,16.0,7690.02,800.4000000000001,0.0
2021-03-12 07:23:20,3.614,15.0,,16.0,7693.6,800.4000000000001,83.0
2021-03-12 07:23:21,4.132,29.0,,16.0,7697.57,800.2,190.0
2021-03-12 07:23:22,4.449,37.0,,16.0,7701.84,800.2,186.0
2021-03-12 07:23:23,4.762,48.0,,16.0,7706.41,800.0,224.0
2021-03-12 07:23:24,5.284,56.0,,16.0,7711.69,800.0,244.0
2021-03-12 07:23:25,5.528,61.0,,16.0,7717.44,800.0,207.0
2021-03-12 07:23:26,5.865,64.0,,16.0,7723.14,799.8,168.0
2021-03-12 07:23:27,6.012,63.0,,16.0,7729.36,799.8,138.0
2021-03-12 07:23:28,6.427,63.0,,16.0,7735.84,799.8,142.0
2021-03-12 07:23:29,6.955,65.0,,16.0,7743.02,799.8,173.0
2021-03-12 07:23:30,6.883,68.0,,16.0,7749.88,799.8,191.0
2021-03-12 07:23:31,6.886,69.0,,16.0,7756.73,799.8,220.0
2021-03-12 07:23:32,6.853,70.0,,16.0,7763.48,799.8,214.0
2021-03-12 07:23:33,6.858,71.0,,16.0,7770.3,799.8,211.0
2021-03-12 07:23:34,7.111,72.0,,16.0,7777.22,800.0,182.0
2021-03-12 07:23:35,7.126,73.0,,16.0,7784.37,800.0,178.0
2021-03-12 07:23:36,7.233,73.0,,16.0,7791.42,800.2,129.0
2021-03-12 07:23:37,7.145,67.0,,16.0,7798.77,800.2,175.0
2021-03-12 07:23:38,7.32,66.0,,16.0,7805.87,800.4000000000001,143.0
2021-03-12 07:23:39,7.341,66.0,,16.0,7813.23,800.4000000000001,126.0
2021-03-12 07:23:40,7.347,66.0,,16.0,7820.64,800.4000000000001,136.0
2021-03-12 07:23:41,7.335,66.0,,16.0,7828.49,800.5999999999999,103.0
2021-03-12 07:23:42,7.333,66.0,,16.0,7836.11,800.5999999999999,96.0
2021-03-12 07:23:43,7.406,66.0,,16.0,7843.36,800.8,120.0
2021-03-12 07:23:44,7.4,66.0,,16.0,7850.75,800.8,123.0
2021-03-12 07:23:45,7.296,66.0,,16.0,7858.23,801.0,124.0
2021-03-12 07:23:46,7.289,65.0,,16.0,7865.29,801.2,115.0
2021-03-12 07:23:47,7.289,65.0,,16.0,7872.51,801.2,127.0
2021-03-12 07:23:48,7.373,65.0,,16.0,7879.86,801.4000000000001,67.0
2021-03-12 07:23:49,7.045,64.0,,16.0,7887.01,801.5999999999999,91.0
2021-03-12 07:23:50,7.002,64.0,,16.0,7894.12,802.0,99.0
2021-03-12 07:23:51,7.433,64.0,,16.0,7901.7,802.2,120.0
2021-03-12 07:23:52,7.559,63.0,,16.0,7909.12,802.4000000000001,148.0
2021-03-12 07:23:53,7.804,63.0,,16.0,7916.62,802.5999999999999,136.0
2021-03-12 07:23:54,7.208,63.0,,16.0,7923.9,802.8,112.0
2021-03-12 07:23:55,6.883,63.0,,16.0,7931.01,803.0,99.0
2021-03-12 07:23:56,6.969,62.0,,16.0,7938.29,803.2,92.0
2021-03-12 07:23:57,6.731,62.0,,16.0,7944.98,803.4000000000001,84.0
2021-03-12 07:23:58,7.336,60.0,,16.0,7952.48,803.5999999999999,69.0
2021-03-12 07:23:59,6.839,50.0,,16.0,7959.59,804.0,60.0
2021-03-12 07:24:00,6.203,35.0,,16.0,7966.08,804.2,42.0
2021-03-12 07:24:01,6.273,20.0,,16.0,7972.28,804.4000000000001,24.0
2021-03-12 07:24:02,6.088,5.0,,16.0,7978.55,804.5999999999999,6.0
2021-03-12 07:24:03,5.926,0.0,,16.0,7985.18,804.8,0.0
2021-03-12 07:24:04,5.861,0.0,,16.0,7991.05,805.0,0.0
2021-03-12 07:24:05,5.621,0.0,,16.0,7996.99,805.2,0.0
2021-03-12 07:24:06,5.673,0.0,,16.0,8002.71,805.4000000000001,0.0
2021-03-12 07:24:07,5.365,0.0,,16.0,8008.31,805.4000000000001,0.0
2021-03-12 07:24:08,5.513,6.0,,16.0,8013.9,805.5999999999999,1.0
2021-03-12 07:24:09,5.624,39.0,,16.0,8019.51,805.8,97.0
2021-03-12 07:24:10,5.659,51.0,,16.0,8025.36,806.0,111.0
2021-03-12 07:24:11,5.799,52.0,,16.0,8031.2,806.0,100.0
2021-03-12 07:24:12,5.858,52.0,,16.0,8037.11,806.0,118.0
2021-03-12 07:24:13,5.99,53.0,,16.0,8043.06,806.2,119.0
2021-03-12 07:24:14,5.76,53.0,,16.0,8048.97,806.4000000000001,105.0
2021-03-12 07:24:15,5.681,53.0,,16.0,8054.89,806.5999999999999,106.0
2021-03-12 07:24:16,5.899,47.0,,16.0,8060.69,806.8,100.0
2021-03-12 07:24:17,5.802,34.0,,16.0,8066.74,807.0,72.0
2021-03-12 07:24:18,5.919,21.0,,16.0,8072.58,807.2,44.0
2021-03-12 07:24:19,5.418,8.0,,16.0,8078.41,807.2,16.0
2021-03-12 07:24:20,5.462,0.0,,16.0,8083.89,807.4000000000001,0.0
2021-03-12 07:24:21,5.109,4.0,,16.0,8089.06,807.5999999999999,0.0
2021-03-12 07:24:22,4.187,13.0,,16.0,8093.59,807.5999999999999,10.0
2021-03-12 07:24:23,4.58,30.0,,16.0,8097.97,807.8,59.0
2021-03-12 07:24:24,4.999,44.0,,16.0,8102.67,808.0,100.0
2021-03-12 07:24:25,5.208,49.0,,16.0,8107.86,808.0,109.0
2021-03-12 07:24:26,5.466,50.0,,16.0,8113.65,808.2,109.0
2021-03-12 07:24:27,5.751,50.0,,16.0,8119.59,808.2,109.0
2021-03-12 07:24:28,5.483,51.0,,16.0,8125.31,808.2,104.0
2021-03-12 07:24:29,5.326,51.0,,16.0,8130.86,808.4000000000001,100.0
2021-03-12 07:24:30,5.616,51.0,,16.0,8136.59,808.5999999999999,105.0
2021-03-12 07:24:31,5.647,52.0,,16.0,8142.62,808.5999999999999,91.0
2021-03-12 07:24:32,5.976,53.0,,16.0,8148.87,808.5999999999999,81.0
2021-03-12 07:24:33,5.945,47.0,,16.0,8155.33,808.5999999999999,77.0
2021-03-12 07:24:34,5.704,34.0,,16.0,8161.21,808.8,55.0
2021-03-12 07:24:35,5.46,20.0,,16.0,8166.72,808.8,34.0
2021-03-12 07:24:36,5.163,7.0,,16.0,8172.05,809.0,12.0
2021-03-12 07:24:37,5.015,0.0,,16.0,8177.01,809.0,0.0
2021-03-12 07:24:38,4.468,0.0,,16.0,8181.97,809.0,0.0
2021-03-12 07:24:39,4.114,0.0,,16.0,8186.34,809.0,0.0
2021-03-12 07:24:40,3.719,0.0,,16.0,8190.14,809.2,0.0
2021-03-12 07:24:41,3.227,0.0,,16.0,8193.5,809.2,0.0
2021-03-12 07:24:42,3.365,0.0,,16.0,8196.8,809.2,0.0
2021-03-12 07:24:43,3.361,0.0,,16.0,8199.96,809.2,0.0
2021-03-12 07:24:44,3.344,0.0,,16.0,8203.1,809.2,0.0
2021-03-12 07:24:45,3.142,0.0,,16.0,8206.19,809.2,0.0
2021-03-12 07:24:46,2.765,0.0,,16.0,8209.17,809.2,0.0
2021-03-12 07:24:47,2.774,0.0,,16.0,8211.96,809.2,0.0
2021-03-12 07:24:48,2.935,0.0,,16.0,8214.92,809.2,0.0
2021-03-12 07:24:49,2.799,0.0,,16.0,8218.09,809.0,0.0
2021-03-12 07:24:50,2.799,0.0,,16.0,8221.02,809.0,0.0
2021-03-12 07:24:51,2.257,0.0,,16.0,8223.77,809.0,0.0
2021-03-12 07:24:52,2.386,0.0,,16.0,8226.18,809.0,0.0
2021-03-12 07:24:53,2.562,0.0,,16.0,8228.64,809.0,0.0
2021-03-12 07:24:54,2.547,0.0,,16.0,8231.37,809.0,0.0
2021-03-12 07:24:55,2.573,0.0,,16.0,8233.7,808.8,0.0
2021-03-12 07:24:56,2.868,0.0,,16.0,8236.52,808.8,0.0
2021-03-12 07:24:57,3.096,30.0,,16.0,8239.72,808.8,67.0
2021-03-12 07:24:58,3.29,32.0,,16.0,8243.07,808.8,60.0
2021-03-12 07:24:59,3.584,34.0,,16.0,8246.69,808.8,69.0
2021-03-12 07:25:00,4.09,36.0,,16.0,8250.56,808.5999999999999,78.0
2021-03-12 07:25:01,4.297,39.0,,16.0,8255.22,808.5999999999999,86.0
2021-03-12 07:25:02,4.239,42.0,,16.0,8259.74,808.4000000000001,103.0
2021-03-12 07:25:03,4.482,44.0,,16.0,8264.24,808.2,105.0
2021-03-12 07:25:04,4.489,45.0,,16.0,8268.63,808.0,87.0
2021-03-12 07:25:05,4.536,45.0,,16.0,8272.91,808.0,75.0
2021-03-12 07:25:06,4.69,45.0,,16.0,8277.37,807.8,65.0
2021-03-12 07:25:07,4.859,46.0,,16.0,8281.97,807.5999999999999,56.0
2021-03-12 07:25:08,4.873,49.0,,16.0,8286.71,807.4000000000001,66.0
2021-03-12 07:25:09,4.784,49.0,,16.0,8291.48,807.4000000000001,70.0
2021-03-12 07:25:10,4.667,49.0,,16.0,8296.0,807.2,60.0
2021-03-12 07:25:11,4.484,47.0,,16.0,8300.53,807.0,42.0
2021-03-12 07:25:12,4.203,46.0,,16.0,8304.71,806.8,32.0
2021-03-12 07:25:13,3.485,44.0,,16.0,8308.53,806.8,29.0
2021-03-12 07:25:14,2.914,40.0,,16.0,8311.41,806.5999999999999,45.0
2021-03-12 07:25:15,3.24,37.0,,16.0,8314.62,806.5999999999999,59.0
2021-03-12 07:25:16,3.277,35.0,,16.0,8317.94,806.4000000000001,68.0
2021-03-12 07:25:17,3.287,34.0,,16.0,8321.29,806.4000000000001,78.0
2021-03-12 07:25:18,3.244,36.0,,16.0,8324.58,806.2,100.0
2021-03-12 07:25:19,3.718,37.0,,16.0,8328.12,806.0,115.0
2021-03-12 07:25:20,3.869,38.0,,16.0,8331.99,805.8,109.0
2021-03-12 07:25:21,3.976,39.0,,16.0,8335.75,805.8,88.0
2021-03-12 07:25:22,4.095,40.0,,16.0,8339.83,805.5999999999999,78.0
2021-03-12 07:25:23,4.032,41.0,,16.0,8343.78,805.5999999999999,71.0
2021-03-12 07:25:24,4.221,42.0,,16.0,8347.99,805.5999999999999,66.0
2021-03-12 07:25:25,4.21,42.0,,16.0,8352.34,805.4000000000001,55.0
2021-03-12 07:25:26,4.28,42.0,,16.0,8356.62,805.4000000000001,44.0
2021-03-12 07:25:27,4.545,43.0,,16.0,8360.88,805.4000000000001,36.0
2021-03-12 07:25:28,4.056,43.0,,16.0,8365.28,805.2,13.0
2021-03-12 07:25:29,4.397,44.0,,16.0,8369.59,805.2,3.0
2021-03-12 07:25:30,3.435,46.0,,16.0,8373.46,805.2,4.0
2021-03-12 07:25:31,3.167,47.0,,16.0,8376.86,805.2,8.0
2021-03-12 07:25:32,2.9,40.0,,16.0,8379.9,805.4000000000001,10.0
2021-03-12 07:25:33,3.108,33.0,,16.0,8382.76,805.4000000000001,12.0
2021-03-12 07:25:34,3.287,25.0,,16.0,8385.86,805.4000000000001,9.0
2021-03-12 07:25:35,1.772,16.0,,16.0,8387.9,805.5999999999999,6.0
2021-03-12 07:25:38,0.0,0.0,,16.0,8387.9,805.0,0.0
2021-03-12 07:25:39,0.0,0.0,,16.0,8387.9,805.0,0.0
2021-03-12 07:25:40,0.0,0.0,,16.0,8387.9,806.0,0.0
2021-03-12 07:25:41,0.0,0.0,,16.0,8387.9,806.4000000000001,0.0
2021-03-12 07:25:42,0.0,0.0,,16.0,8387.9,806.4000000000001,0.0
2021-03-12 07:25:43,0.0,0.0,,16.0,8387.9,806.4000000000001,0.0
2021-03-12 07:25:44,0.0,0.0,,16.0,8387.9,806.4000000000001,0.0
2021-03-12 07:25:45,0.0,0.0,,16.0,8387.9,806.4000000000001,0.0
2021-03-12 07:25:46,0.0,0.0,,16.0,8387.9,806.4000000000001,0.0
2021-03-12 07:25:47,0.0,0.0,,16.0,8387.9,806.4000000000001,0.0
2021-03-12 07:25:48,0.0,0.0,,16.0,8387.9,806.4000000000001,0.0
